sl_no,gender,ssc_p,ssc_b,hsc_p,hsc_b,hsc_s,degree_p,degree_t,workex,etest_p,specialisation,mba_p,status,salary
1,M,67,Others,91,Others,Commerce,58,Sci&Tech,No,55,Mkt&HR,58.8,Placed,270000
2,M,79.33,Central,78.33,Others,Science,77.48,Sci&Tech,Yes,86.5,Mkt&Fin,66.28,Placed,200000
3,M,65,Central,68,Central,Arts,64,Comm&Mgmt,No,75,Mkt&Fin,57.8,Placed,250000
4,M,56,Central,52,Central,Science,52,Sci&Tech,No,66,Mkt&HR,59.43,Not Placed,
5,M,85.8,Central,73.6,Central,Commerce,73.3,Comm&Mgmt,No,96.8,Mkt&Fin,55.5,Placed,425000
6,M,55,Others,49.8,Others,Science,67.25,Sci&Tech,Yes,55,Mkt&Fin,51.58,Not Placed,
7,F,46,Others,49.2,Others,Commerce,79,Comm&Mgmt,No,74.28,Mkt&Fin,53.29,Not Placed,
8,M,82,Central,64,Central,Science,66,Sci&Tech,Yes,67,Mkt&Fin,62.14,Placed,252000
9,M,73,Central,79,Central,Commerce,72,Comm&Mgmt,No,91.34,Mkt&Fin,61.29,Placed,231000
10,M,58,Central,70,Central,Commerce,61,Comm&Mgmt,No,54,Mkt&Fin,52.21,Not Placed,
11,M,58,Central,61,Central,Commerce,60,Comm&Mgmt,Yes,62,Mkt&HR,60.85,Placed,260000
12,M,69.6,Central,68.4,Central,Commerce,78.3,Comm&Mgmt,Yes,60,Mkt&Fin,63.7,Placed,250000
13,F,47,Central,55,Others,Science,65,Comm&Mgmt,No,62,Mkt&HR,65.04,Not Placed,
14,F,77,Central,87,Central,Commerce,59,Comm&Mgmt,No,68,Mkt&Fin,68.63,Placed,218000
15,M,62,Central,47,Central,Commerce,50,Comm&Mgmt,No,76,Mkt&HR,54.96,Not Placed,
16,F,65,Central,75,Central,Commerce,69,Comm&Mgmt,Yes,72,Mkt&Fin,64.66,Placed,200000
17,M,63,Central,66.2,Central,Commerce,65.6,Comm&Mgmt,Yes,60,Mkt&Fin,62.54,Placed,300000
18,F,55,Central,67,Central,Commerce,64,Comm&Mgmt,No,60,Mkt&Fin,67.28,Not Placed,
19,F,63,Central,66,Central,Commerce,64,Comm&Mgmt,No,68,Mkt&HR,64.08,Not Placed,
20,M,60,Others,67,Others,Arts,70,Comm&Mgmt,Yes,50.48,Mkt&Fin,77.89,Placed,236000
21,M,62,Others,65,Others,Commerce,66,Comm&Mgmt,No,50,Mkt&HR,56.7,Placed,265000
22,F,79,Others,76,Others,Commerce,85,Comm&Mgmt,No,95,Mkt&Fin,69.06,Placed,393000
23,F,69.8,Others,60.8,Others,Science,72.23,Sci&Tech,No,55.53,Mkt&HR,68.81,Placed,360000
24,F,77.4,Others,60,Others,Science,64.74,Sci&Tech,Yes,92,Mkt&Fin,63.62,Placed,300000
25,M,76.5,Others,97.7,Others,Science,78.86,Sci&Tech,No,97.4,Mkt&Fin,74.01,Placed,360000
26,F,52.58,Others,54.6,Central,Commerce,50.2,Comm&Mgmt,Yes,76,Mkt&Fin,65.33,Not Placed,
27,M,71,Others,79,Others,Commerce,66,Comm&Mgmt,Yes,94,Mkt&Fin,57.55,Placed,240000
28,M,63,Others,67,Others,Commerce,66,Comm&Mgmt,No,68,Mkt&HR,57.69,Placed,265000
29,M,76.76,Others,76.5,Others,Commerce,67.5,Comm&Mgmt,Yes,73.35,Mkt&Fin,64.15,Placed,350000
30,M,62,Central,67,Central,Commerce,58,Comm&Mgmt,No,77,Mkt&Fin,51.29,Not Placed,
31,F,64,Central,73.5,Central,Commerce,73,Comm&Mgmt,No,52,Mkt&HR,56.7,Placed,250000
32,F,67,Central,53,Central,Science,65,Sci&Tech,No,64,Mkt&HR,58.32,Not Placed,
33,F,61,Central,81,Central,Commerce,66.4,Comm&Mgmt,No,50.89,Mkt&HR,62.21,Placed,278000
34,F,87,Others,65,Others,Science,81,Comm&Mgmt,Yes,88,Mkt&Fin,72.78,Placed,260000
35,M,62,Others,51,Others,Science,52,Others,No,68.44,Mkt&HR,62.77,Not Placed,
36,F,69,Central,78,Central,Commerce,72,Comm&Mgmt,No,71,Mkt&HR,62.74,Placed,300000
37,M,51,Central,44,Central,Commerce,57,Comm&Mgmt,No,64,Mkt&Fin,51.45,Not Placed,
38,F,79,Central,76,Central,Science,65.6,Sci&Tech,No,58,Mkt&HR,55.47,Placed,320000
39,F,73,Others,58,Others,Science,66,Comm&Mgmt,No,53.7,Mkt&HR,56.86,Placed,240000
40,M,81,Others,68,Others,Science,64,Sci&Tech,No,93,Mkt&Fin,62.56,Placed,411000
41,F,78,Central,77,Others,Commerce,80,Comm&Mgmt,No,60,Mkt&Fin,66.72,Placed,287000
42,F,74,Others,63.16,Others,Commerce,65,Comm&Mgmt,Yes,65,Mkt&HR,69.76,Not Placed,
43,M,49,Others,39,Central,Science,65,Others,No,63,Mkt&Fin,51.21,Not Placed,
44,M,87,Others,87,Others,Commerce,68,Comm&Mgmt,No,95,Mkt&HR,62.9,Placed,300000
45,F,77,Others,73,Others,Commerce,81,Comm&Mgmt,Yes,89,Mkt&Fin,69.7,Placed,200000
46,F,76,Central,64,Central,Science,72,Sci&Tech,No,58,Mkt&HR,66.53,Not Placed,
47,F,70.89,Others,71.98,Others,Science,65.6,Comm&Mgmt,No,68,Mkt&HR,71.63,Not Placed,
48,M,63,Central,60,Central,Commerce,57,Comm&Mgmt,Yes,78,Mkt&Fin,54.55,Placed,204000
49,M,63,Others,62,Others,Commerce,68,Comm&Mgmt,No,64,Mkt&Fin,62.46,Placed,250000
50,F,50,Others,37,Others,Arts,52,Others,No,65,Mkt&HR,56.11,Not Placed,
51,F,75.2,Central,73.2,Central,Science,68.4,Comm&Mgmt,No,65,Mkt&HR,62.98,Placed,200000
52,M,54.4,Central,61.12,Central,Commerce,56.2,Comm&Mgmt,No,67,Mkt&HR,62.65,Not Placed,
53,F,40.89,Others,45.83,Others,Commerce,53,Comm&Mgmt,No,71.2,Mkt&HR,65.49,Not Placed,
54,M,80,Others,70,Others,Science,72,Sci&Tech,No,87,Mkt&HR,71.04,Placed,450000
55,F,74,Central,60,Others,Science,69,Comm&Mgmt,No,78,Mkt&HR,65.56,Placed,216000
56,M,60.4,Central,66.6,Others,Science,65,Comm&Mgmt,No,71,Mkt&HR,52.71,Placed,220000
57,M,63,Others,71.4,Others,Commerce,61.4,Comm&Mgmt,No,68,Mkt&Fin,66.88,Placed,240000
58,M,68,Central,76,Central,Commerce,74,Comm&Mgmt,No,80,Mkt&Fin,63.59,Placed,360000
59,M,74,Central,62,Others,Science,68,Comm&Mgmt,No,74,Mkt&Fin,57.99,Placed,268000
60,M,52.6,Central,65.58,Others,Science,72.11,Sci&Tech,No,57.6,Mkt&Fin,56.66,Placed,265000
61,M,74,Central,70,Central,Science,72,Comm&Mgmt,Yes,60,Mkt&Fin,57.24,Placed,260000
62,M,84.2,Central,73.4,Central,Commerce,66.89,Comm&Mgmt,No,61.6,Mkt&Fin,62.48,Placed,300000
63,F,86.5,Others,64.2,Others,Science,67.4,Sci&Tech,No,59,Mkt&Fin,59.69,Placed,240000
64,M,61,Others,70,Others,Commerce,64,Comm&Mgmt,No,68.5,Mkt&HR,59.5,Not Placed,
65,M,80,Others,73,Others,Commerce,75,Comm&Mgmt,No,61,Mkt&Fin,58.78,Placed,240000
66,M,54,Others,47,Others,Science,57,Comm&Mgmt,No,89.69,Mkt&HR,57.1,Not Placed,
67,M,83,Others,74,Others,Science,66,Comm&Mgmt,No,68.92,Mkt&HR,58.46,Placed,275000
68,M,80.92,Others,78.5,Others,Commerce,67,Comm&Mgmt,No,68.71,Mkt&Fin,60.99,Placed,275000
69,F,69.7,Central,47,Central,Commerce,72.7,Sci&Tech,No,79,Mkt&HR,59.24,Not Placed,
70,M,73,Central,73,Central,Science,66,Sci&Tech,Yes,70,Mkt&Fin,68.07,Placed,275000
71,M,82,Others,61,Others,Science,62,Sci&Tech,No,89,Mkt&Fin,65.45,Placed,360000
72,M,75,Others,70.29,Others,Commerce,71,Comm&Mgmt,No,95,Mkt&Fin,66.94,Placed,240000
73,M,84.86,Others,67,Others,Science,78,Comm&Mgmt,No,95.5,Mkt&Fin,68.53,Placed,240000
74,M,64.6,Central,83.83,Others,Commerce,71.72,Comm&Mgmt,No,86,Mkt&Fin,59.75,Placed,218000
75,M,56.6,Central,64.8,Central,Commerce,70.2,Comm&Mgmt,No,84.27,Mkt&Fin,67.2,Placed,336000
76,F,59,Central,62,Others,Commerce,77.5,Comm&Mgmt,No,74,Mkt&HR,67,Not Placed,
77,F,66.5,Others,70.4,Central,Arts,71.93,Comm&Mgmt,No,61,Mkt&Fin,64.27,Placed,230000
78,M,64,Others,80,Others,Science,65,Sci&Tech,Yes,69,Mkt&Fin,57.65,Placed,500000
79,M,84,Others,90.9,Others,Science,64.5,Sci&Tech,No,86.04,Mkt&Fin,59.42,Placed,270000
80,F,69,Central,62,Central,Science,66,Sci&Tech,No,75,Mkt&HR,67.99,Not Placed,
81,F,69,Others,62,Others,Commerce,69,Comm&Mgmt,Yes,67,Mkt&HR,62.35,Placed,240000
82,M,81.7,Others,63,Others,Science,67,Comm&Mgmt,Yes,86,Mkt&Fin,70.2,Placed,300000
83,M,63,Central,67,Central,Commerce,74,Comm&Mgmt,No,82,Mkt&Fin,60.44,Not Placed,
84,M,84,Others,79,Others,Science,68,Sci&Tech,Yes,84,Mkt&Fin,66.69,Placed,300000
85,M,70,Central,63,Others,Science,70,Sci&Tech,Yes,55,Mkt&Fin,62,Placed,300000
86,F,83.84,Others,89.83,Others,Commerce,77.2,Comm&Mgmt,Yes,78.74,Mkt&Fin,76.18,Placed,400000
87,M,62,Others,63,Others,Commerce,64,Comm&Mgmt,No,67,Mkt&Fin,57.03,Placed,220000
88,M,59.6,Central,51,Central,Science,60,Others,No,75,Mkt&HR,59.08,Not Placed,
89,F,66,Central,62,Central,Commerce,73,Comm&Mgmt,No,58,Mkt&HR,64.36,Placed,210000
90,F,84,Others,75,Others,Science,69,Sci&Tech,Yes,62,Mkt&HR,62.36,Placed,210000
91,F,85,Others,90,Others,Commerce,82,Comm&Mgmt,No,92,Mkt&Fin,68.03,Placed,300000
92,M,52,Central,57,Central,Commerce,50.8,Comm&Mgmt,No,67,Mkt&HR,62.79,Not Placed,
93,F,60.23,Central,69,Central,Science,66,Comm&Mgmt,No,72,Mkt&Fin,59.47,Placed,230000
94,M,52,Central,62,Central,Commerce,54,Comm&Mgmt,No,72,Mkt&HR,55.41,Not Placed,
95,M,58,Central,62,Central,Commerce,64,Comm&Mgmt,No,53.88,Mkt&Fin,54.97,Placed,260000
96,M,73,Central,78,Others,Commerce,65,Comm&Mgmt,Yes,95.46,Mkt&Fin,62.16,Placed,420000
97,F,76,Central,70,Central,Science,76,Comm&Mgmt,Yes,66,Mkt&Fin,64.44,Placed,300000
98,F,70.5,Central,62.5,Others,Commerce,61,Comm&Mgmt,No,93.91,Mkt&Fin,69.03,Not Placed,
99,F,69,Central,73,Central,Commerce,65,Comm&Mgmt,No,70,Mkt&Fin,57.31,Placed,220000
100,M,54,Central,82,Others,Commerce,63,Sci&Tech,No,50,Mkt&Fin,59.47,Not Placed,
101,F,45,Others,57,Others,Commerce,58,Comm&Mgmt,Yes,56.39,Mkt&HR,64.95,Not Placed,
102,M,63,Central,72,Central,Commerce,68,Comm&Mgmt,No,78,Mkt&HR,60.44,Placed,380000
103,F,77,Others,61,Others,Commerce,68,Comm&Mgmt,Yes,57.5,Mkt&Fin,61.31,Placed,300000
104,M,73,Central,78,Central,Science,73,Sci&Tech,Yes,85,Mkt&HR,65.83,Placed,240000
105,M,69,Central,63,Others,Science,65,Comm&Mgmt,Yes,55,Mkt&HR,58.23,Placed,360000
106,M,59,Central,64,Others,Science,58,Sci&Tech,No,85,Mkt&HR,55.3,Not Placed,
107,M,61.08,Others,50,Others,Science,54,Sci&Tech,No,71,Mkt&Fin,65.69,Not Placed,
108,M,82,Others,90,Others,Commerce,83,Comm&Mgmt,No,80,Mkt&HR,73.52,Placed,200000
109,M,61,Central,82,Central,Commerce,69,Comm&Mgmt,No,84,Mkt&Fin,58.31,Placed,300000
110,M,52,Central,63,Others,Science,65,Sci&Tech,Yes,86,Mkt&HR,56.09,Not Placed,
111,F,69.5,Central,70,Central,Science,72,Sci&Tech,No,57.2,Mkt&HR,54.8,Placed,250000
112,M,51,Others,54,Others,Science,61,Sci&Tech,No,60,Mkt&HR,60.64,Not Placed,
113,M,58,Others,61,Others,Commerce,61,Comm&Mgmt,No,58,Mkt&HR,53.94,Placed,250000
114,F,73.96,Others,79,Others,Commerce,67,Comm&Mgmt,No,72.15,Mkt&Fin,63.08,Placed,280000
115,M,65,Central,68,Others,Science,69,Comm&Mgmt,No,53.7,Mkt&HR,55.01,Placed,250000
116,F,73,Others,63,Others,Science,66,Comm&Mgmt,No,89,Mkt&Fin,60.5,Placed,216000
117,M,68.2,Central,72.8,Central,Commerce,66.6,Comm&Mgmt,Yes,96,Mkt&Fin,70.85,Placed,300000
118,M,77,Others,75,Others,Science,73,Sci&Tech,No,80,Mkt&Fin,67.05,Placed,240000
119,M,76,Central,80,Central,Science,78,Sci&Tech,Yes,97,Mkt&HR,70.48,Placed,276000
120,M,60.8,Central,68.4,Central,Commerce,64.6,Comm&Mgmt,Yes,82.66,Mkt&Fin,64.34,Placed,940000
121,M,58,Others,40,Others,Science,59,Comm&Mgmt,No,73,Mkt&HR,58.81,Not Placed,
122,F,64,Central,67,Others,Science,69.6,Sci&Tech,Yes,55.67,Mkt&HR,71.49,Placed,250000
123,F,66.5,Central,66.8,Central,Arts,69.3,Comm&Mgmt,Yes,80.4,Mkt&Fin,71,Placed,236000
124,M,74,Others,59,Others,Commerce,73,Comm&Mgmt,Yes,60,Mkt&HR,56.7,Placed,240000
125,M,67,Central,71,Central,Science,64.33,Others,Yes,64,Mkt&HR,61.26,Placed,250000
126,F,84,Central,73,Central,Commerce,73,Comm&Mgmt,No,75,Mkt&Fin,73.33,Placed,350000
127,F,79,Others,61,Others,Science,75.5,Sci&Tech,Yes,70,Mkt&Fin,68.2,Placed,210000
128,F,72,Others,60,Others,Science,69,Comm&Mgmt,No,55.5,Mkt&HR,58.4,Placed,250000
129,M,80.4,Central,73.4,Central,Science,77.72,Sci&Tech,Yes,81.2,Mkt&HR,76.26,Placed,400000
130,M,76.7,Central,89.7,Others,Commerce,66,Comm&Mgmt,Yes,90,Mkt&Fin,68.55,Placed,250000
131,M,62,Central,65,Others,Commerce,60,Comm&Mgmt,No,84,Mkt&Fin,64.15,Not Placed,
132,F,74.9,Others,57,Others,Science,62,Others,Yes,80,Mkt&Fin,60.78,Placed,360000
133,M,67,Others,68,Others,Commerce,64,Comm&Mgmt,Yes,74.4,Mkt&HR,53.49,Placed,300000
134,M,73,Central,64,Others,Commerce,77,Comm&Mgmt,Yes,65,Mkt&HR,60.98,Placed,250000
135,F,77.44,Central,92,Others,Commerce,72,Comm&Mgmt,Yes,94,Mkt&Fin,67.13,Placed,250000
136,F,72,Central,56,Others,Science,69,Comm&Mgmt,No,55.6,Mkt&HR,65.63,Placed,200000
137,F,47,Central,59,Central,Arts,64,Comm&Mgmt,No,78,Mkt&Fin,61.58,Not Placed,
138,M,67,Others,63,Central,Commerce,72,Comm&Mgmt,No,56,Mkt&HR,60.41,Placed,225000
139,F,82,Others,64,Others,Science,73,Sci&Tech,Yes,96,Mkt&Fin,71.77,Placed,250000
140,M,77,Central,70,Central,Commerce,59,Comm&Mgmt,Yes,58,Mkt&Fin,54.43,Placed,220000
141,M,65,Central,64.8,Others,Commerce,69.5,Comm&Mgmt,Yes,56,Mkt&Fin,56.94,Placed,265000
142,M,66,Central,64,Central,Science,60,Comm&Mgmt,No,60,Mkt&HR,61.9,Not Placed,
143,M,85,Central,60,Others,Science,73.43,Sci&Tech,Yes,60,Mkt&Fin,61.29,Placed,260000
144,M,77.67,Others,64.89,Others,Commerce,70.67,Comm&Mgmt,No,89,Mkt&Fin,60.39,Placed,300000
145,M,52,Others,50,Others,Arts,61,Comm&Mgmt,No,60,Mkt&Fin,58.52,Not Placed,
146,M,89.4,Others,65.66,Others,Science,71.25,Sci&Tech,No,72,Mkt&HR,63.23,Placed,400000
147,M,62,Central,63,Others,Science,66,Comm&Mgmt,No,85,Mkt&HR,55.14,Placed,233000
148,M,70,Central,74,Central,Commerce,65,Comm&Mgmt,No,83,Mkt&Fin,62.28,Placed,300000
149,F,77,Central,86,Central,Arts,56,Others,No,57,Mkt&Fin,64.08,Placed,240000
150,M,44,Central,58,Central,Arts,55,Comm&Mgmt,Yes,64.25,Mkt&HR,58.54,Not Placed,
151,M,71,Central,58.66,Central,Science,58,Sci&Tech,Yes,56,Mkt&Fin,61.3,Placed,690000
152,M,65,Central,65,Central,Commerce,75,Comm&Mgmt,No,83,Mkt&Fin,58.87,Placed,270000
153,F,75.4,Others,60.5,Central,Science,84,Sci&Tech,No,98,Mkt&Fin,65.25,Placed,240000
154,M,49,Others,59,Others,Science,65,Sci&Tech,Yes,86,Mkt&Fin,62.48,Placed,340000
155,M,53,Central,63,Others,Science,60,Comm&Mgmt,Yes,70,Mkt&Fin,53.2,Placed,250000
156,M,51.57,Others,74.66,Others,Commerce,59.9,Comm&Mgmt,Yes,56.15,Mkt&HR,65.99,Not Placed,
157,M,84.2,Central,69.4,Central,Science,65,Sci&Tech,Yes,80,Mkt&HR,52.72,Placed,255000
158,M,66.5,Central,62.5,Central,Commerce,60.9,Comm&Mgmt,No,93.4,Mkt&Fin,55.03,Placed,300000
159,M,67,Others,63,Others,Science,64,Sci&Tech,No,60,Mkt&Fin,61.87,Not Placed,
160,M,52,Central,49,Others,Commerce,58,Comm&Mgmt,No,62,Mkt&HR,60.59,Not Placed,
161,M,87,Central,74,Central,Science,65,Sci&Tech,Yes,75,Mkt&HR,72.29,Placed,300000
162,M,55.6,Others,51,Others,Commerce,57.5,Comm&Mgmt,No,57.63,Mkt&HR,62.72,Not Placed,
163,M,74.2,Central,87.6,Others,Commerce,77.25,Comm&Mgmt,Yes,75.2,Mkt&Fin,66.06,Placed,285000
164,M,63,Others,67,Others,Science,64,Sci&Tech,No,75,Mkt&Fin,66.46,Placed,500000
165,F,67.16,Central,72.5,Central,Commerce,63.35,Comm&Mgmt,No,53.04,Mkt&Fin,65.52,Placed,250000
166,F,63.3,Central,78.33,Others,Commerce,74,Comm&Mgmt,No,80,Mkt&Fin,74.56,Not Placed,
167,M,62,Others,62,Others,Commerce,60,Comm&Mgmt,Yes,63,Mkt&HR,52.38,Placed,240000
168,M,67.9,Others,62,Others,Science,67,Sci&Tech,Yes,58.1,Mkt&Fin,75.71,Not Placed,
169,F,48,Central,51,Central,Commerce,58,Comm&Mgmt,Yes,60,Mkt&HR,58.79,Not Placed,
170,M,59.96,Others,42.16,Others,Science,61.26,Sci&Tech,No,54.48,Mkt&HR,65.48,Not Placed,
171,F,63.4,Others,67.2,Others,Commerce,60,Comm&Mgmt,No,58.06,Mkt&HR,69.28,Not Placed,
172,M,80,Others,80,Others,Commerce,72,Comm&Mgmt,Yes,63.79,Mkt&Fin,66.04,Placed,290000
173,M,73,Others,58,Others,Commerce,56,Comm&Mgmt,No,84,Mkt&HR,52.64,Placed,300000
174,F,52,Others,52,Others,Science,55,Sci&Tech,No,67,Mkt&HR,59.32,Not Placed,
175,M,73.24,Others,50.83,Others,Science,64.27,Sci&Tech,Yes,64,Mkt&Fin,66.23,Placed,500000
176,M,63,Others,62,Others,Science,65,Sci&Tech,No,87.5,Mkt&HR,60.69,Not Placed,
177,F,59,Central,60,Others,Commerce,56,Comm&Mgmt,No,55,Mkt&HR,57.9,Placed,220000
178,F,73,Central,97,Others,Commerce,79,Comm&Mgmt,Yes,89,Mkt&Fin,70.81,Placed,650000
179,M,68,Others,56,Others,Science,68,Sci&Tech,No,73,Mkt&HR,68.07,Placed,350000
180,F,77.8,Central,64,Central,Science,64.2,Sci&Tech,No,75.5,Mkt&HR,72.14,Not Placed,
181,M,65,Central,71.5,Others,Commerce,62.8,Comm&Mgmt,Yes,57,Mkt&Fin,56.6,Placed,265000
182,M,62,Central,60.33,Others,Science,64.21,Sci&Tech,No,63,Mkt&HR,60.02,Not Placed,
183,M,52,Others,65,Others,Arts,57,Others,Yes,75,Mkt&Fin,59.81,Not Placed,
184,M,65,Central,77,Central,Commerce,69,Comm&Mgmt,No,60,Mkt&HR,61.82,Placed,276000
185,F,56.28,Others,62.83,Others,Commerce,59.79,Comm&Mgmt,No,60,Mkt&HR,57.29,Not Placed,
186,F,88,Central,72,Central,Science,78,Others,No,82,Mkt&HR,71.43,Placed,252000
187,F,52,Central,64,Central,Commerce,61,Comm&Mgmt,No,55,Mkt&Fin,62.93,Not Placed,
188,M,78.5,Central,65.5,Central,Science,67,Sci&Tech,Yes,95,Mkt&Fin,64.86,Placed,280000
189,M,61.8,Others,47,Others,Commerce,54.38,Comm&Mgmt,No,57,Mkt&Fin,56.13,Not Placed,
190,F,54,Central,77.6,Others,Commerce,69.2,Comm&Mgmt,No,95.65,Mkt&Fin,66.94,Not Placed,
191,F,64,Others,70.2,Central,Commerce,61,Comm&Mgmt,No,50,Mkt&Fin,62.5,Not Placed,
192,M,67,Others,61,Central,Science,72,Comm&Mgmt,No,72,Mkt&Fin,61.01,Placed,264000
193,M,65.2,Central,61.4,Central,Commerce,64.8,Comm&Mgmt,Yes,93.4,Mkt&Fin,57.34,Placed,270000
194,F,60,Central,63,Central,Arts,56,Others,Yes,80,Mkt&HR,56.63,Placed,300000
195,M,52,Others,55,Others,Commerce,56.3,Comm&Mgmt,No,59,Mkt&Fin,64.74,Not Placed,
196,M,66,Central,76,Central,Commerce,72,Comm&Mgmt,Yes,84,Mkt&HR,58.95,Placed,275000
197,M,72,Others,63,Others,Science,77.5,Sci&Tech,Yes,78,Mkt&Fin,54.48,Placed,250000
198,F,83.96,Others,53,Others,Science,91,Sci&Tech,No,59.32,Mkt&HR,69.71,Placed,260000
199,F,67,Central,70,Central,Commerce,65,Others,No,88,Mkt&HR,71.96,Not Placed,
200,M,69,Others,65,Others,Commerce,57,Comm&Mgmt,No,73,Mkt&HR,55.8,Placed,265000
201,M,69,Others,60,Others,Commerce,65,Comm&Mgmt,No,87.55,Mkt&Fin,52.81,Placed,300000
202,M,54.2,Central,63,Others,Science,58,Comm&Mgmt,No,79,Mkt&HR,58.44,Not Placed,
203,M,70,Central,63,Central,Science,66,Sci&Tech,No,61.28,Mkt&HR,60.11,Placed,240000
204,M,55.68,Others,61.33,Others,Commerce,56.87,Comm&Mgmt,No,66,Mkt&HR,58.3,Placed,260000
205,F,74,Others,73,Others,Commerce,73,Comm&Mgmt,Yes,80,Mkt&Fin,67.69,Placed,210000
206,M,61,Others,62,Others,Commerce,65,Comm&Mgmt,No,62,Mkt&Fin,56.81,Placed,250000
207,M,41,Central,42,Central,Science,60,Comm&Mgmt,No,97,Mkt&Fin,53.39,Not Placed,
208,M,49,Central,46,Others,Commerce,61,Comm&Mgmt,Yes,88.56,Mkt&Fin,71.55,Placed,300000
209,F,41,Central,60,Others,Science,65,Comm&Mgmt,No,92.66,Mkt&HR,62.92,Not Placed,
210,M,57,Central,72,Central,Commerce,65,Comm&Mgmt,No,67,Mkt&Fin,56.49,Placed,216000
211,M,68,Others,82,Others,Commerce,77.6,Comm&Mgmt,No,91,Mkt&Fin,74.49,Placed,400000
212,M,64,Others,60,Others,Science,72,Sci&Tech,No,74,Mkt&Fin,53.62,Placed,275000
213,M,45,Others,67,Others,Commerce,73,Comm&Mgmt,Yes,59,Mkt&Fin,69.72,Placed,295000
214,F,61,Others,66,Others,Commerce,58,Comm&Mgmt,No,70,Mkt&HR,60.23,Placed,204000
215,M,63,Central,58,Others,Science,53,Comm&Mgmt,No,89,Mkt&HR,60.22,Not Placed,
216,M,62,Others,91,Others,Commerce,58,Sci&Tech,No,55,Mkt&HR,58.8,Placed,270000
217,M,47,Central,78.33,Others,Science,77.48,Sci&Tech,Yes,86.5,Mkt&Fin,66.28,Placed,200000
218,M,66,Central,68,Central,Arts,64,Comm&Mgmt,No,75,Mkt&Fin,57.8,Placed,250000
219,M,70,Central,52,Central,Science,52,Sci&Tech,No,66,Mkt&HR,59.43,Not Placed,
220,M,62,Central,65,Central,Commerce,73.3,Comm&Mgmt,No,96.8,Mkt&Fin,55.5,Placed,425000
221,M,44,Others,67,Others,Science,69,Sci&Tech,Yes,55,Mkt&Fin,51.58,Not Placed,
222,F,47,Others,59,Others,Commerce,80,Comm&Mgmt,No,74.28,Mkt&Fin,53.29,Not Placed,
223,M,43,Central,61,Central,Science,73,Sci&Tech,Yes,67,Mkt&Fin,62.14,Placed,252000
224,M,46,Central,56,Central,Commerce,71,Comm&Mgmt,No,91.34,Mkt&Fin,61.29,Placed,231000
225,M,47,Central,44,Central,Commerce,80,Comm&Mgmt,No,54,Mkt&Fin,52.21,Not Placed,
226,M,53,Central,48,Central,Commerce,75,Comm&Mgmt,Yes,62,Mkt&HR,60.85,Placed,260000
227,M,62,Central,64,Central,Commerce,70,Comm&Mgmt,Yes,60,Mkt&Fin,63.7,Placed,250000
228,F,45,Central,49,Others,Science,76,Comm&Mgmt,No,62,Mkt&HR,65.04,Not Placed,
229,F,70,Central,55,Central,Commerce,72,Comm&Mgmt,No,68,Mkt&Fin,68.63,Placed,218000
230,M,45,Central,57,Central,Commerce,77,Comm&Mgmt,No,76,Mkt&HR,54.96,Not Placed,
231,F,42,Central,51,Central,Commerce,68,Comm&Mgmt,Yes,72,Mkt&Fin,64.66,Placed,200000
232,M,53,Central,44,Central,Commerce,68,Comm&Mgmt,Yes,60,Mkt&Fin,62.54,Placed,300000
233,F,58,Central,61,Central,Commerce,68,Comm&Mgmt,No,60,Mkt&Fin,67.28,Not Placed,
234,F,68,Central,51,Central,Commerce,74,Comm&Mgmt,No,68,Mkt&HR,64.08,Not Placed,
235,M,46,Others,66,Others,Arts,70,Comm&Mgmt,Yes,50.48,Mkt&Fin,77.89,Placed,236000
236,M,62,Others,51,Others,Commerce,66,Comm&Mgmt,No,50,Mkt&HR,56.7,Placed,265000
237,F,49,Others,52,Others,Commerce,65,Comm&Mgmt,No,95,Mkt&Fin,69.06,Placed,393000
238,F,66,Others,64,Others,Science,71,Sci&Tech,No,55.53,Mkt&HR,68.81,Placed,360000
239,F,41,Others,62,Others,Science,73,Sci&Tech,Yes,92,Mkt&Fin,63.62,Placed,300000
240,M,70,Others,54,Others,Science,76,Sci&Tech,No,97.4,Mkt&Fin,74.01,Placed,360000
241,F,52,Others,55,Central,Commerce,67,Comm&Mgmt,Yes,76,Mkt&Fin,65.33,Not Placed,
242,M,60,Others,56,Others,Commerce,72,Comm&Mgmt,Yes,94,Mkt&Fin,57.55,Placed,240000
243,M,59,Others,43,Others,Commerce,66,Comm&Mgmt,No,68,Mkt&HR,57.69,Placed,265000
244,M,49,Others,64,Others,Commerce,69,Comm&Mgmt,Yes,73.35,Mkt&Fin,64.15,Placed,350000
245,M,49,Central,52,Central,Commerce,79,Comm&Mgmt,No,77,Mkt&Fin,51.29,Not Placed,
246,F,49,Central,54,Central,Commerce,71,Comm&Mgmt,No,52,Mkt&HR,56.7,Placed,250000
247,F,45,Central,65,Central,Science,76,Sci&Tech,No,64,Mkt&HR,58.32,Not Placed,
248,F,41,Central,53,Central,Commerce,75,Comm&Mgmt,No,50.89,Mkt&HR,62.21,Placed,278000
249,F,46,Others,65,Others,Science,69,Comm&Mgmt,Yes,88,Mkt&Fin,72.78,Placed,260000
250,M,57,Others,46,Others,Science,68,Others,No,68.44,Mkt&HR,62.77,Not Placed,
251,F,58,Central,55,Central,Commerce,76,Comm&Mgmt,No,71,Mkt&HR,62.74,Placed,300000
252,M,42,Central,54,Central,Commerce,72,Comm&Mgmt,No,64,Mkt&Fin,51.45,Not Placed,
253,F,55,Central,61,Central,Science,74,Sci&Tech,No,58,Mkt&HR,55.47,Placed,320000
254,F,65,Others,53,Others,Science,78,Comm&Mgmt,No,53.7,Mkt&HR,56.86,Placed,240000
255,M,55,Others,49,Others,Science,67,Sci&Tech,No,93,Mkt&Fin,62.56,Placed,411000
256,F,46,Central,60,Others,Commerce,66,Comm&Mgmt,No,60,Mkt&Fin,66.72,Placed,287000
257,F,48,Others,53,Others,Commerce,78,Comm&Mgmt,Yes,65,Mkt&HR,69.76,Not Placed,
258,M,48,Others,61,Central,Science,64,Others,No,63,Mkt&Fin,51.21,Not Placed,
259,M,49,Others,63,Others,Commerce,70,Comm&Mgmt,No,95,Mkt&HR,62.9,Placed,300000
260,F,44,Others,57,Others,Commerce,78,Comm&Mgmt,Yes,89,Mkt&Fin,69.7,Placed,200000
261,F,42,Central,44,Central,Science,68,Sci&Tech,No,58,Mkt&HR,66.53,Not Placed,
262,F,65,Others,47,Others,Science,75,Comm&Mgmt,No,68,Mkt&HR,71.63,Not Placed,
263,M,62,Central,60,Central,Commerce,78,Comm&Mgmt,Yes,78,Mkt&Fin,54.55,Placed,204000
264,M,52,Others,48,Others,Commerce,75,Comm&Mgmt,No,64,Mkt&Fin,62.46,Placed,250000
265,F,57,Others,52,Others,Arts,79,Others,No,65,Mkt&HR,56.11,Not Placed,
266,F,56,Central,51,Central,Science,66,Comm&Mgmt,No,65,Mkt&HR,62.98,Placed,200000
267,M,60,Central,61,Central,Commerce,74,Comm&Mgmt,No,67,Mkt&HR,62.65,Not Placed,
268,F,42,Others,43,Others,Commerce,71,Comm&Mgmt,No,71.2,Mkt&HR,65.49,Not Placed,
269,M,54,Others,61,Others,Science,79,Sci&Tech,No,87,Mkt&HR,71.04,Placed,450000
270,F,47,Central,44,Others,Science,72,Comm&Mgmt,No,78,Mkt&HR,65.56,Placed,216000
271,M,46,Central,58,Others,Science,71,Comm&Mgmt,No,71,Mkt&HR,52.71,Placed,220000
272,M,43,Others,65,Others,Commerce,66,Comm&Mgmt,No,68,Mkt&Fin,66.88,Placed,240000
273,M,42,Central,45,Central,Commerce,77,Comm&Mgmt,No,80,Mkt&Fin,63.59,Placed,360000
274,M,61,Central,47,Others,Science,72,Comm&Mgmt,No,74,Mkt&Fin,57.99,Placed,268000
275,M,41,Central,43,Others,Science,80,Sci&Tech,No,57.6,Mkt&Fin,56.66,Placed,265000
276,M,51,Central,51,Central,Science,76,Comm&Mgmt,Yes,60,Mkt&Fin,57.24,Placed,260000
277,M,41,Central,52,Central,Commerce,74,Comm&Mgmt,No,61.6,Mkt&Fin,62.48,Placed,300000
278,F,40,Others,53,Others,Science,79,Sci&Tech,No,59,Mkt&Fin,59.69,Placed,240000
279,M,46,Others,67,Others,Commerce,69,Comm&Mgmt,No,68.5,Mkt&HR,59.5,Not Placed,
280,M,53,Others,54,Others,Commerce,66,Comm&Mgmt,No,61,Mkt&Fin,58.78,Placed,240000
281,M,67,Others,56,Others,Science,68,Comm&Mgmt,No,89.69,Mkt&HR,57.1,Not Placed,
282,M,65,Others,58,Others,Science,71,Comm&Mgmt,No,68.92,Mkt&HR,58.46,Placed,275000
283,M,55,Others,58,Others,Commerce,65,Comm&Mgmt,No,68.71,Mkt&Fin,60.99,Placed,275000
284,F,41,Central,44,Central,Commerce,65,Sci&Tech,No,79,Mkt&HR,59.24,Not Placed,
285,M,50,Central,65,Central,Science,64,Sci&Tech,Yes,70,Mkt&Fin,68.07,Placed,275000
286,M,69,Others,49,Others,Science,75,Sci&Tech,No,89,Mkt&Fin,65.45,Placed,360000
287,M,53,Others,59,Others,Commerce,80,Comm&Mgmt,No,95,Mkt&Fin,66.94,Placed,240000
288,M,61,Others,64,Others,Science,79,Comm&Mgmt,No,95.5,Mkt&Fin,68.53,Placed,240000
289,M,54,Central,53,Others,Commerce,72,Comm&Mgmt,No,86,Mkt&Fin,59.75,Placed,218000
290,M,65,Central,60,Central,Commerce,71,Comm&Mgmt,No,84.27,Mkt&Fin,67.2,Placed,336000
291,F,47,Central,66,Others,Commerce,75,Comm&Mgmt,No,74,Mkt&HR,67,Not Placed,
292,F,55,Others,64,Central,Arts,66,Comm&Mgmt,No,61,Mkt&Fin,64.27,Placed,230000
293,M,66,Others,65,Others,Science,69,Sci&Tech,Yes,69,Mkt&Fin,57.65,Placed,500000
294,M,55,Others,55,Others,Science,73,Sci&Tech,No,86.04,Mkt&Fin,59.42,Placed,270000
295,F,67,Central,56,Central,Science,80,Sci&Tech,No,75,Mkt&HR,67.99,Not Placed,
296,F,54,Others,47,Others,Commerce,75,Comm&Mgmt,Yes,67,Mkt&HR,62.35,Placed,240000
297,M,70,Others,56,Others,Science,69,Comm&Mgmt,Yes,86,Mkt&Fin,70.2,Placed,300000
298,M,48,Central,61,Central,Commerce,76,Comm&Mgmt,No,82,Mkt&Fin,60.44,Not Placed,
299,M,53,Others,50,Others,Science,74,Sci&Tech,Yes,84,Mkt&Fin,66.69,Placed,300000
300,M,53,Central,55,Others,Science,79,Sci&Tech,Yes,55,Mkt&Fin,62,Placed,300000
301,F,43,Others,54,Others,Commerce,64,Comm&Mgmt,Yes,78.74,Mkt&Fin,76.18,Placed,400000
302,M,58,Others,55,Others,Commerce,75,Comm&Mgmt,No,67,Mkt&Fin,57.03,Placed,220000
303,M,62,Central,54,Central,Science,79,Others,No,75,Mkt&HR,59.08,Not Placed,
304,F,59,Central,54,Central,Commerce,66,Comm&Mgmt,No,58,Mkt&HR,64.36,Placed,210000
305,F,63,Others,51,Others,Science,68,Sci&Tech,Yes,62,Mkt&HR,62.36,Placed,210000
306,F,57,Others,64,Others,Commerce,67,Comm&Mgmt,No,92,Mkt&Fin,68.03,Placed,300000
307,M,65,Central,45,Central,Commerce,74,Comm&Mgmt,No,67,Mkt&HR,62.79,Not Placed,
308,F,62,Central,65,Central,Science,73,Comm&Mgmt,No,72,Mkt&Fin,59.47,Placed,230000
309,M,56,Central,46,Central,Commerce,78,Comm&Mgmt,No,72,Mkt&HR,55.41,Not Placed,
310,M,64,Central,59,Central,Commerce,77,Comm&Mgmt,No,53.88,Mkt&Fin,54.97,Placed,260000
311,M,46,Central,67,Others,Commerce,73,Comm&Mgmt,Yes,95.46,Mkt&Fin,62.16,Placed,420000
312,F,56,Central,59,Central,Science,72,Comm&Mgmt,Yes,66,Mkt&Fin,64.44,Placed,300000
313,F,65,Central,48,Others,Commerce,78,Comm&Mgmt,No,93.91,Mkt&Fin,69.03,Not Placed,
314,F,59,Central,64,Central,Commerce,80,Comm&Mgmt,No,70,Mkt&Fin,57.31,Placed,220000
315,M,52,Central,44,Others,Commerce,77,Sci&Tech,No,50,Mkt&Fin,59.47,Not Placed,
316,F,40,Others,46,Others,Commerce,76,Comm&Mgmt,Yes,56.39,Mkt&HR,64.95,Not Placed,
317,M,59,Central,64,Central,Commerce,70,Comm&Mgmt,No,78,Mkt&HR,60.44,Placed,380000
318,F,58,Others,53,Others,Commerce,73,Comm&Mgmt,Yes,57.5,Mkt&Fin,61.31,Placed,300000
319,M,41,Central,59,Central,Science,71,Sci&Tech,Yes,85,Mkt&HR,65.83,Placed,240000
320,M,41,Central,44,Others,Science,67,Comm&Mgmt,Yes,55,Mkt&HR,58.23,Placed,360000
321,M,56,Central,53,Others,Science,73,Sci&Tech,No,85,Mkt&HR,55.3,Not Placed,
322,M,45,Others,65,Others,Science,79,Sci&Tech,No,71,Mkt&Fin,65.69,Not Placed,
323,M,45,Others,57,Others,Commerce,67,Comm&Mgmt,No,80,Mkt&HR,73.52,Placed,200000
324,M,40,Central,62,Central,Commerce,68,Comm&Mgmt,No,84,Mkt&Fin,58.31,Placed,300000
325,M,59,Central,51,Others,Science,78,Sci&Tech,Yes,86,Mkt&HR,56.09,Not Placed,
326,F,55,Central,60,Central,Science,77,Sci&Tech,No,57.2,Mkt&HR,54.8,Placed,250000
327,M,51,Others,63,Others,Science,79,Sci&Tech,No,60,Mkt&HR,60.64,Not Placed,
328,M,69,Others,51,Others,Commerce,79,Comm&Mgmt,No,58,Mkt&HR,53.94,Placed,250000
329,F,58,Others,51,Others,Commerce,66,Comm&Mgmt,No,72.15,Mkt&Fin,63.08,Placed,280000
330,M,64,Central,60,Others,Science,65,Comm&Mgmt,No,53.7,Mkt&HR,55.01,Placed,250000
331,F,52,Others,47,Others,Science,67,Comm&Mgmt,No,89,Mkt&Fin,60.5,Placed,216000
332,M,52,Central,66,Central,Commerce,79,Comm&Mgmt,Yes,96,Mkt&Fin,70.85,Placed,300000
333,M,56,Others,61,Others,Science,77,Sci&Tech,No,80,Mkt&Fin,67.05,Placed,240000
334,M,67,Central,57,Central,Science,66,Sci&Tech,Yes,97,Mkt&HR,70.48,Placed,276000
335,M,69,Central,63,Central,Commerce,73,Comm&Mgmt,Yes,82.66,Mkt&Fin,64.34,Placed,940000
336,M,44,Others,52,Others,Science,72,Comm&Mgmt,No,73,Mkt&HR,58.81,Not Placed,
337,F,64,Central,50,Others,Science,64,Sci&Tech,Yes,55.67,Mkt&HR,71.49,Placed,250000
338,F,46,Central,65,Central,Arts,69,Comm&Mgmt,Yes,80.4,Mkt&Fin,71,Placed,236000
339,M,68,Others,61,Others,Commerce,65,Comm&Mgmt,Yes,60,Mkt&HR,56.7,Placed,240000
340,M,65,Central,65,Central,Science,71,Others,Yes,64,Mkt&HR,61.26,Placed,250000
341,F,63,Central,66,Central,Commerce,68,Comm&Mgmt,No,75,Mkt&Fin,73.33,Placed,350000
342,F,54,Others,49,Others,Science,68,Sci&Tech,Yes,70,Mkt&Fin,68.2,Placed,210000
343,F,47,Others,58,Others,Science,78,Comm&Mgmt,No,55.5,Mkt&HR,58.4,Placed,250000
344,M,69,Central,61,Central,Science,77,Sci&Tech,Yes,81.2,Mkt&HR,76.26,Placed,400000
345,M,57,Central,65,Others,Commerce,74,Comm&Mgmt,Yes,90,Mkt&Fin,68.55,Placed,250000
346,M,70,Central,43,Others,Commerce,76,Comm&Mgmt,No,84,Mkt&Fin,64.15,Not Placed,
347,F,65,Others,48,Others,Science,79,Others,Yes,80,Mkt&Fin,60.78,Placed,360000
348,M,59,Others,66,Others,Commerce,75,Comm&Mgmt,Yes,74.4,Mkt&HR,53.49,Placed,300000
349,M,64,Central,47,Others,Commerce,73,Comm&Mgmt,Yes,65,Mkt&HR,60.98,Placed,250000
350,F,48,Central,67,Others,Commerce,79,Comm&Mgmt,Yes,94,Mkt&Fin,67.13,Placed,250000
351,F,57,Central,51,Others,Science,65,Comm&Mgmt,No,55.6,Mkt&HR,65.63,Placed,200000
352,F,56,Central,65,Central,Arts,73,Comm&Mgmt,No,78,Mkt&Fin,61.58,Not Placed,
353,M,41,Others,60,Central,Commerce,73,Comm&Mgmt,No,56,Mkt&HR,60.41,Placed,225000
354,F,43,Others,50,Others,Science,68,Sci&Tech,Yes,96,Mkt&Fin,71.77,Placed,250000
355,M,40,Central,67,Central,Commerce,69,Comm&Mgmt,Yes,58,Mkt&Fin,54.43,Placed,220000
356,M,40,Central,65,Others,Commerce,80,Comm&Mgmt,Yes,56,Mkt&Fin,56.94,Placed,265000
357,M,56,Central,56,Central,Science,66,Comm&Mgmt,No,60,Mkt&HR,61.9,Not Placed,
358,M,54,Central,56,Others,Science,67,Sci&Tech,Yes,60,Mkt&Fin,61.29,Placed,260000
359,M,61,Others,50,Others,Commerce,73,Comm&Mgmt,No,89,Mkt&Fin,60.39,Placed,300000
360,M,42,Others,63,Others,Arts,66,Comm&Mgmt,No,60,Mkt&Fin,58.52,Not Placed,
361,M,47,Others,63,Others,Science,66,Sci&Tech,No,72,Mkt&HR,63.23,Placed,400000
362,M,56,Central,45,Others,Science,76,Comm&Mgmt,No,85,Mkt&HR,55.14,Placed,233000
363,M,62,Central,44,Central,Commerce,64,Comm&Mgmt,No,83,Mkt&Fin,62.28,Placed,300000
364,F,43,Central,47,Central,Arts,80,Others,No,57,Mkt&Fin,64.08,Placed,240000
365,M,42,Central,58,Central,Arts,64,Comm&Mgmt,Yes,64.25,Mkt&HR,58.54,Not Placed,
366,M,42,Central,46,Central,Science,79,Sci&Tech,Yes,56,Mkt&Fin,61.3,Placed,690000
367,M,68,Central,51,Central,Commerce,64,Comm&Mgmt,No,83,Mkt&Fin,58.87,Placed,270000
368,F,55,Others,43,Central,Science,76,Sci&Tech,No,98,Mkt&Fin,65.25,Placed,240000
369,M,49,Others,60,Others,Science,65,Sci&Tech,Yes,86,Mkt&Fin,62.48,Placed,340000
370,M,49,Central,56,Others,Science,73,Comm&Mgmt,Yes,70,Mkt&Fin,53.2,Placed,250000
371,M,48,Others,51,Others,Commerce,72,Comm&Mgmt,Yes,56.15,Mkt&HR,65.99,Not Placed,
372,M,59,Central,64,Central,Science,67,Sci&Tech,Yes,80,Mkt&HR,52.72,Placed,255000
373,M,43,Central,64,Central,Commerce,78,Comm&Mgmt,No,93.4,Mkt&Fin,55.03,Placed,300000
374,M,67,Others,47,Others,Science,80,Sci&Tech,No,60,Mkt&Fin,61.87,Not Placed,
375,M,70,Central,46,Others,Commerce,78,Comm&Mgmt,No,62,Mkt&HR,60.59,Not Placed,
376,M,48,Central,50,Central,Science,73,Sci&Tech,Yes,75,Mkt&HR,72.29,Placed,300000
377,M,55.6,Others,49,Others,Commerce,71,Comm&Mgmt,No,57.63,Mkt&HR,62.72,Not Placed,
378,M,74.2,Central,50,Others,Commerce,73,Comm&Mgmt,Yes,75.2,Mkt&Fin,66.06,Placed,285000
379,M,63,Others,53,Others,Science,68,Sci&Tech,No,75,Mkt&Fin,66.46,Placed,500000
380,F,67.16,Central,56,Central,Commerce,65,Comm&Mgmt,No,53.04,Mkt&Fin,65.52,Placed,250000
381,F,63.3,Central,63,Others,Commerce,74,Comm&Mgmt,No,80,Mkt&Fin,74.56,Not Placed,
382,M,62,Others,48,Others,Commerce,65,Comm&Mgmt,Yes,63,Mkt&HR,52.38,Placed,240000
383,M,67.9,Others,63,Others,Science,67,Sci&Tech,Yes,58.1,Mkt&Fin,75.71,Not Placed,
384,F,48,Central,49,Central,Commerce,65,Comm&Mgmt,Yes,60,Mkt&HR,58.79,Not Placed,
385,M,59.96,Others,62,Others,Science,65,Sci&Tech,No,54.48,Mkt&HR,65.48,Not Placed,
386,F,63.4,Others,57,Others,Commerce,78,Comm&Mgmt,No,58.06,Mkt&HR,69.28,Not Placed,
387,M,80,Others,43,Others,Commerce,74,Comm&Mgmt,Yes,63.79,Mkt&Fin,66.04,Placed,290000
388,M,73,Others,48,Others,Commerce,77,Comm&Mgmt,No,84,Mkt&HR,52.64,Placed,300000
389,F,52,Others,46,Others,Science,79,Sci&Tech,No,67,Mkt&HR,59.32,Not Placed,
390,M,73.24,Others,46,Others,Science,71,Sci&Tech,Yes,64,Mkt&Fin,66.23,Placed,500000
391,M,63,Others,64,Others,Science,77,Sci&Tech,No,87.5,Mkt&HR,60.69,Not Placed,
392,F,59,Central,60,Others,Commerce,66,Comm&Mgmt,No,55,Mkt&HR,57.9,Placed,220000
393,F,73,Central,56,Others,Commerce,74,Comm&Mgmt,Yes,89,Mkt&Fin,70.81,Placed,650000
394,M,68,Others,57,Others,Science,74,Sci&Tech,No,73,Mkt&HR,68.07,Placed,350000
395,F,77.8,Central,50,Central,Science,68,Sci&Tech,No,75.5,Mkt&HR,72.14,Not Placed,
396,M,65,Central,53,Others,Commerce,78,Comm&Mgmt,Yes,57,Mkt&Fin,56.6,Placed,265000
397,M,62,Central,61,Others,Science,76,Sci&Tech,No,63,Mkt&HR,60.02,Not Placed,
398,M,52,Others,50,Others,Arts,75,Others,Yes,75,Mkt&Fin,59.81,Not Placed,
399,M,65,Central,43,Central,Commerce,71,Comm&Mgmt,No,60,Mkt&HR,61.82,Placed,276000
400,F,56.28,Others,55,Others,Commerce,64,Comm&Mgmt,No,60,Mkt&HR,57.29,Not Placed,
401,F,88,Central,54,Central,Science,71,Others,No,82,Mkt&HR,71.43,Placed,252000
402,F,52,Central,66,Central,Commerce,77,Comm&Mgmt,No,55,Mkt&Fin,62.93,Not Placed,
403,M,78.5,Central,57,Central,Science,71,Sci&Tech,Yes,95,Mkt&Fin,64.86,Placed,280000
404,M,61.8,Others,47,Others,Commerce,68,Comm&Mgmt,No,57,Mkt&Fin,56.13,Not Placed,
405,F,54,Central,49,Others,Commerce,80,Comm&Mgmt,No,95.65,Mkt&Fin,66.94,Not Placed,
406,F,64,Others,54,Central,Commerce,77,Comm&Mgmt,No,50,Mkt&Fin,62.5,Not Placed,
407,M,67,Others,44,Central,Science,64,Comm&Mgmt,No,72,Mkt&Fin,61.01,Placed,264000
408,M,65.2,Central,49,Central,Commerce,67,Comm&Mgmt,Yes,93.4,Mkt&Fin,57.34,Placed,270000
409,F,60,Central,47,Central,Arts,68,Others,Yes,80,Mkt&HR,56.63,Placed,300000
410,M,52,Others,53,Others,Commerce,74,Comm&Mgmt,No,59,Mkt&Fin,64.74,Not Placed,
411,M,66,Central,51,Central,Commerce,79,Comm&Mgmt,Yes,84,Mkt&HR,58.95,Placed,275000
412,M,72,Others,51,Others,Science,78,Sci&Tech,Yes,78,Mkt&Fin,54.48,Placed,250000
413,F,83.96,Others,51,Others,Science,65,Sci&Tech,No,59.32,Mkt&HR,69.71,Placed,260000
414,F,67,Central,44,Central,Commerce,77,Others,No,88,Mkt&HR,71.96,Not Placed,
415,M,69,Others,54,Others,Commerce,69,Comm&Mgmt,No,73,Mkt&HR,55.8,Placed,265000
416,M,69,Others,49,Others,Commerce,70,Comm&Mgmt,No,87.55,Mkt&Fin,52.81,Placed,300000
417,M,54.2,Central,49,Others,Science,73,Comm&Mgmt,No,79,Mkt&HR,58.44,Not Placed,
418,M,70,Central,65,Central,Science,67,Sci&Tech,No,61.28,Mkt&HR,60.11,Placed,240000
419,M,55.68,Others,49,Others,Commerce,70,Comm&Mgmt,No,66,Mkt&HR,58.3,Placed,260000
420,F,74,Others,62,Others,Commerce,78,Comm&Mgmt,Yes,80,Mkt&Fin,67.69,Placed,210000
421,M,61,Others,56,Others,Commerce,78,Comm&Mgmt,No,62,Mkt&Fin,56.81,Placed,250000
422,M,41,Central,65,Central,Science,68,Comm&Mgmt,No,97,Mkt&Fin,53.39,Not Placed,
423,M,83.33,Central,65,Others,Commerce,80,Comm&Mgmt,Yes,88.56,Mkt&Fin,71.55,Placed,300000
424,F,43,Central,49,Others,Science,64,Comm&Mgmt,No,92.66,Mkt&HR,62.92,Not Placed,
425,M,62,Central,56,Central,Commerce,75,Comm&Mgmt,No,67,Mkt&Fin,56.49,Placed,216000
426,M,80.6,Others,52,Others,Commerce,72,Comm&Mgmt,No,91,Mkt&Fin,74.49,Placed,400000
427,M,58,Others,64,Others,Science,76,Sci&Tech,No,74,Mkt&Fin,53.62,Placed,275000
428,M,67,Others,52,Others,Commerce,78,Comm&Mgmt,Yes,59,Mkt&Fin,69.72,Placed,295000
429,F,74,Others,47,Others,Commerce,80,Comm&Mgmt,No,70,Mkt&HR,60.23,Placed,204000
430,M,62,Central,57,Others,Science,65,Comm&Mgmt,No,89,Mkt&HR,60.22,Not Placed,
431,M,67,Others,91,Others,Commerce,58,Sci&Tech,No,55,Mkt&HR,58.8,Placed,270000
432,M,79.33,Central,78.33,Others,Science,77.48,Sci&Tech,Yes,86.5,Mkt&Fin,66.28,Placed,200000
433,M,65,Central,68,Central,Arts,64,Comm&Mgmt,No,75,Mkt&Fin,57.8,Placed,250000
434,M,56,Central,52,Central,Science,52,Sci&Tech,No,66,Mkt&HR,59.43,Not Placed,
435,M,85.8,Central,73.6,Central,Commerce,73.3,Comm&Mgmt,No,96.8,Mkt&Fin,55.5,Placed,425000
436,M,55,Others,49.8,Others,Science,67.25,Sci&Tech,Yes,55,Mkt&Fin,51.58,Not Placed,
437,F,46,Others,49.2,Others,Commerce,79,Comm&Mgmt,No,74.28,Mkt&Fin,53.29,Not Placed,
438,M,82,Central,64,Central,Science,66,Sci&Tech,Yes,67,Mkt&Fin,62.14,Placed,252000
439,M,73,Central,79,Central,Commerce,72,Comm&Mgmt,No,91.34,Mkt&Fin,61.29,Placed,231000
440,M,58,Central,70,Central,Commerce,61,Comm&Mgmt,No,54,Mkt&Fin,52.21,Not Placed,
441,M,58,Central,61,Central,Commerce,60,Comm&Mgmt,Yes,62,Mkt&HR,60.85,Placed,260000
442,M,69.6,Central,68.4,Central,Commerce,78.3,Comm&Mgmt,Yes,60,Mkt&Fin,63.7,Placed,250000
443,F,47,Central,52,Others,Science,65,Comm&Mgmt,No,62,Mkt&HR,65.04,Not Placed,
444,F,77,Central,40,Central,Commerce,59,Comm&Mgmt,No,68,Mkt&Fin,68.63,Placed,218000
445,M,62,Central,58,Central,Commerce,50,Comm&Mgmt,No,76,Mkt&HR,54.96,Not Placed,
446,F,65,Central,52,Central,Commerce,69,Comm&Mgmt,Yes,72,Mkt&Fin,64.66,Placed,200000
447,M,63,Central,56,Central,Commerce,65.6,Comm&Mgmt,Yes,60,Mkt&Fin,62.54,Placed,300000
448,F,55,Central,42,Central,Commerce,64,Comm&Mgmt,No,60,Mkt&Fin,67.28,Not Placed,
449,F,63,Central,47,Central,Commerce,64,Comm&Mgmt,No,68,Mkt&HR,64.08,Not Placed,
450,M,60,Others,42,Others,Arts,70,Comm&Mgmt,Yes,50.48,Mkt&Fin,77.89,Placed,236000
451,M,62,Others,50,Others,Commerce,66,Comm&Mgmt,No,50,Mkt&HR,56.7,Placed,265000
452,F,79,Others,59,Others,Commerce,85,Comm&Mgmt,No,95,Mkt&Fin,69.06,Placed,393000
453,F,69.8,Others,44,Others,Science,72.23,Sci&Tech,No,55.53,Mkt&HR,68.81,Placed,360000
454,F,77.4,Others,48,Others,Science,64.74,Sci&Tech,Yes,92,Mkt&Fin,63.62,Placed,300000
455,M,76.5,Others,57,Others,Science,78.86,Sci&Tech,No,97.4,Mkt&Fin,74.01,Placed,360000
456,F,52.58,Others,51,Central,Commerce,50.2,Comm&Mgmt,Yes,76,Mkt&Fin,65.33,Not Placed,
457,M,71,Others,48,Others,Commerce,66,Comm&Mgmt,Yes,94,Mkt&Fin,57.55,Placed,240000
458,M,63,Others,43,Others,Commerce,66,Comm&Mgmt,No,68,Mkt&HR,57.69,Placed,265000
459,M,76.76,Others,57,Others,Commerce,67.5,Comm&Mgmt,Yes,73.35,Mkt&Fin,64.15,Placed,350000
460,M,62,Central,50,Central,Commerce,58,Comm&Mgmt,No,77,Mkt&Fin,51.29,Not Placed,
461,F,64,Central,59,Central,Commerce,73,Comm&Mgmt,No,52,Mkt&HR,56.7,Placed,250000
462,F,67,Central,46,Central,Science,65,Sci&Tech,No,64,Mkt&HR,58.32,Not Placed,
463,F,61,Central,56,Central,Commerce,66.4,Comm&Mgmt,No,50.89,Mkt&HR,62.21,Placed,278000
464,F,87,Others,47,Others,Science,81,Comm&Mgmt,Yes,88,Mkt&Fin,72.78,Placed,260000
465,M,62,Others,48,Others,Science,52,Others,No,68.44,Mkt&HR,62.77,Not Placed,
466,F,69,Central,46,Central,Commerce,72,Comm&Mgmt,No,71,Mkt&HR,62.74,Placed,300000
467,M,51,Central,58,Central,Commerce,57,Comm&Mgmt,No,64,Mkt&Fin,51.45,Not Placed,
468,F,79,Central,47,Central,Science,65.6,Sci&Tech,No,58,Mkt&HR,55.47,Placed,320000
469,F,73,Others,48,Others,Science,66,Comm&Mgmt,No,53.7,Mkt&HR,56.86,Placed,240000
470,M,81,Others,59,Others,Science,64,Sci&Tech,No,93,Mkt&Fin,62.56,Placed,411000
471,F,78,Central,43,Others,Commerce,80,Comm&Mgmt,No,60,Mkt&Fin,66.72,Placed,287000
472,F,74,Others,46,Others,Commerce,65,Comm&Mgmt,Yes,65,Mkt&HR,69.76,Not Placed,
473,M,49,Others,57,Central,Science,65,Others,No,63,Mkt&Fin,51.21,Not Placed,
474,M,87,Others,44,Others,Commerce,68,Comm&Mgmt,No,95,Mkt&HR,62.9,Placed,300000
475,F,77,Others,42,Others,Commerce,81,Comm&Mgmt,Yes,89,Mkt&Fin,69.7,Placed,200000
476,F,76,Central,47,Central,Science,72,Sci&Tech,No,58,Mkt&HR,66.53,Not Placed,
477,F,70.89,Others,43,Others,Science,65.6,Comm&Mgmt,No,68,Mkt&HR,71.63,Not Placed,
478,M,63,Central,54,Central,Commerce,57,Comm&Mgmt,Yes,78,Mkt&Fin,54.55,Placed,204000
479,M,63,Others,60,Others,Commerce,68,Comm&Mgmt,No,64,Mkt&Fin,62.46,Placed,250000
480,F,50,Others,47,Others,Arts,52,Others,No,65,Mkt&HR,56.11,Not Placed,
481,F,75.2,Central,55,Central,Science,68.4,Comm&Mgmt,No,65,Mkt&HR,62.98,Placed,200000
482,M,54.4,Central,58,Central,Commerce,56.2,Comm&Mgmt,No,67,Mkt&HR,62.65,Not Placed,
483,F,40.89,Others,40,Others,Commerce,53,Comm&Mgmt,No,71.2,Mkt&HR,65.49,Not Placed,
484,M,80,Others,56,Others,Science,72,Sci&Tech,No,87,Mkt&HR,71.04,Placed,450000
485,F,74,Central,54,Others,Science,69,Comm&Mgmt,No,78,Mkt&HR,65.56,Placed,216000
486,M,60.4,Central,49,Others,Science,65,Comm&Mgmt,No,71,Mkt&HR,52.71,Placed,220000
487,M,63,Others,52,Others,Commerce,61.4,Comm&Mgmt,No,68,Mkt&Fin,66.88,Placed,240000
488,M,68,Central,51,Central,Commerce,74,Comm&Mgmt,No,80,Mkt&Fin,63.59,Placed,360000
489,M,74,Central,51,Others,Science,68,Comm&Mgmt,No,74,Mkt&Fin,57.99,Placed,268000
490,M,52.6,Central,53,Others,Science,72.11,Sci&Tech,No,57.6,Mkt&Fin,56.66,Placed,265000
491,M,74,Central,53,Central,Science,72,Comm&Mgmt,Yes,60,Mkt&Fin,57.24,Placed,260000
492,M,84.2,Central,47,Central,Commerce,66.89,Comm&Mgmt,No,61.6,Mkt&Fin,62.48,Placed,300000
493,F,86.5,Others,42,Others,Science,67.4,Sci&Tech,No,59,Mkt&Fin,59.69,Placed,240000
494,M,61,Others,49,Others,Commerce,64,Comm&Mgmt,No,68.5,Mkt&HR,59.5,Not Placed,
495,M,80,Others,56,Others,Commerce,75,Comm&Mgmt,No,61,Mkt&Fin,58.78,Placed,240000
496,M,54,Others,57,Others,Science,57,Comm&Mgmt,No,89.69,Mkt&HR,57.1,Not Placed,
497,M,83,Others,60,Others,Science,66,Comm&Mgmt,No,68.92,Mkt&HR,58.46,Placed,275000
498,M,80.92,Others,40,Others,Commerce,67,Comm&Mgmt,No,68.71,Mkt&Fin,60.99,Placed,275000
499,F,69.7,Central,60,Central,Commerce,72.7,Sci&Tech,No,79,Mkt&HR,59.24,Not Placed,
500,M,73,Central,41,Central,Science,66,Sci&Tech,Yes,70,Mkt&Fin,68.07,Placed,275000
501,M,82,Others,41,Others,Science,62,Sci&Tech,No,89,Mkt&Fin,65.45,Placed,360000
502,M,75,Others,42,Others,Commerce,71,Comm&Mgmt,No,95,Mkt&Fin,66.94,Placed,240000
503,M,84.86,Others,54,Others,Science,78,Comm&Mgmt,No,95.5,Mkt&Fin,68.53,Placed,240000
504,M,64.6,Central,51,Others,Commerce,71.72,Comm&Mgmt,No,86,Mkt&Fin,59.75,Placed,218000
505,M,56.6,Central,58,Central,Commerce,70.2,Comm&Mgmt,No,84.27,Mkt&Fin,67.2,Placed,336000
506,F,59,Central,52,Others,Commerce,77.5,Comm&Mgmt,No,74,Mkt&HR,67,Not Placed,
507,F,66.5,Others,55,Central,Arts,71.93,Comm&Mgmt,No,61,Mkt&Fin,64.27,Placed,230000
508,M,64,Others,52,Others,Science,65,Sci&Tech,Yes,69,Mkt&Fin,57.65,Placed,500000
509,M,84,Others,40,Others,Science,64.5,Sci&Tech,No,86.04,Mkt&Fin,59.42,Placed,270000
510,F,69,Central,60,Central,Science,66,Sci&Tech,No,75,Mkt&HR,67.99,Not Placed,
511,F,69,Others,45,Others,Commerce,69,Comm&Mgmt,Yes,67,Mkt&HR,62.35,Placed,240000
512,M,81.7,Others,56,Others,Science,67,Comm&Mgmt,Yes,86,Mkt&Fin,70.2,Placed,300000
513,M,63,Central,48,Central,Commerce,74,Comm&Mgmt,No,82,Mkt&Fin,60.44,Not Placed,
514,M,84,Others,46,Others,Science,68,Sci&Tech,Yes,84,Mkt&Fin,66.69,Placed,300000
515,M,70,Central,40,Others,Science,70,Sci&Tech,Yes,55,Mkt&Fin,62,Placed,300000
516,F,83.84,Others,54,Others,Commerce,77.2,Comm&Mgmt,Yes,78.74,Mkt&Fin,76.18,Placed,400000
517,M,62,Others,50,Others,Commerce,64,Comm&Mgmt,No,67,Mkt&Fin,57.03,Placed,220000
518,M,59.6,Central,50,Central,Science,60,Others,No,75,Mkt&HR,59.08,Not Placed,
519,F,66,Central,56,Central,Commerce,73,Comm&Mgmt,No,58,Mkt&HR,64.36,Placed,210000
520,F,84,Others,49,Others,Science,69,Sci&Tech,Yes,62,Mkt&HR,62.36,Placed,210000
521,F,85,Others,47,Others,Commerce,82,Comm&Mgmt,No,92,Mkt&Fin,68.03,Placed,300000
522,M,52,Central,54,Central,Commerce,50.8,Comm&Mgmt,No,67,Mkt&HR,62.79,Not Placed,
523,F,60.23,Central,47,Central,Science,66,Comm&Mgmt,No,72,Mkt&Fin,59.47,Placed,230000
524,M,52,Central,45,Central,Commerce,54,Comm&Mgmt,No,72,Mkt&HR,55.41,Not Placed,
525,M,58,Central,43,Central,Commerce,64,Comm&Mgmt,No,53.88,Mkt&Fin,54.97,Placed,260000
526,M,73,Central,42,Others,Commerce,65,Comm&Mgmt,Yes,95.46,Mkt&Fin,62.16,Placed,420000
527,F,76,Central,41,Central,Science,76,Comm&Mgmt,Yes,66,Mkt&Fin,64.44,Placed,300000
528,F,70.5,Central,41,Others,Commerce,61,Comm&Mgmt,No,93.91,Mkt&Fin,69.03,Not Placed,
529,F,69,Central,40,Central,Commerce,65,Comm&Mgmt,No,70,Mkt&Fin,57.31,Placed,220000
530,M,54,Central,59,Others,Commerce,63,Sci&Tech,No,50,Mkt&Fin,59.47,Not Placed,
531,F,45,Others,49,Others,Commerce,58,Comm&Mgmt,Yes,56.39,Mkt&HR,64.95,Not Placed,
532,M,63,Central,42,Central,Commerce,68,Comm&Mgmt,No,78,Mkt&HR,60.44,Placed,380000
533,F,77,Others,42,Others,Commerce,68,Comm&Mgmt,Yes,57.5,Mkt&Fin,61.31,Placed,300000
534,M,73,Central,55,Central,Science,73,Sci&Tech,Yes,85,Mkt&HR,65.83,Placed,240000
535,M,69,Central,53,Others,Science,65,Comm&Mgmt,Yes,55,Mkt&HR,58.23,Placed,360000
536,M,59,Central,54,Others,Science,58,Sci&Tech,No,85,Mkt&HR,55.3,Not Placed,
537,M,61.08,Others,40,Others,Science,54,Sci&Tech,No,71,Mkt&Fin,65.69,Not Placed,
538,M,82,Others,54,Others,Commerce,83,Comm&Mgmt,No,80,Mkt&HR,73.52,Placed,200000
539,M,61,Central,45,Central,Commerce,69,Comm&Mgmt,No,84,Mkt&Fin,58.31,Placed,300000
540,M,52,Central,50,Others,Science,65,Sci&Tech,Yes,86,Mkt&HR,56.09,Not Placed,
541,F,69.5,Central,57,Central,Science,72,Sci&Tech,No,57.2,Mkt&HR,54.8,Placed,250000
542,M,51,Others,55,Others,Science,61,Sci&Tech,No,60,Mkt&HR,60.64,Not Placed,
543,M,58,Others,47,Others,Commerce,61,Comm&Mgmt,No,58,Mkt&HR,53.94,Placed,250000
544,F,73.96,Others,52,Others,Commerce,67,Comm&Mgmt,No,72.15,Mkt&Fin,63.08,Placed,280000
545,M,65,Central,43,Others,Science,69,Comm&Mgmt,No,53.7,Mkt&HR,55.01,Placed,250000
546,F,73,Others,54,Others,Science,66,Comm&Mgmt,No,89,Mkt&Fin,60.5,Placed,216000
547,M,68.2,Central,48,Central,Commerce,66.6,Comm&Mgmt,Yes,96,Mkt&Fin,70.85,Placed,300000
548,M,77,Others,44,Others,Science,73,Sci&Tech,No,80,Mkt&Fin,67.05,Placed,240000
549,M,76,Central,59,Central,Science,78,Sci&Tech,Yes,97,Mkt&HR,70.48,Placed,276000
550,M,60.8,Central,45,Central,Commerce,64.6,Comm&Mgmt,Yes,82.66,Mkt&Fin,64.34,Placed,940000
551,M,58,Others,46,Others,Science,59,Comm&Mgmt,No,73,Mkt&HR,58.81,Not Placed,
552,F,64,Central,58,Others,Science,69.6,Sci&Tech,Yes,55.67,Mkt&HR,71.49,Placed,250000
553,F,66.5,Central,45,Central,Arts,69.3,Comm&Mgmt,Yes,80.4,Mkt&Fin,71,Placed,236000
554,M,74,Others,40,Others,Commerce,73,Comm&Mgmt,Yes,60,Mkt&HR,56.7,Placed,240000
555,M,67,Central,52,Central,Science,64.33,Others,Yes,64,Mkt&HR,61.26,Placed,250000
556,F,84,Central,56,Central,Commerce,73,Comm&Mgmt,No,75,Mkt&Fin,73.33,Placed,350000
557,F,79,Others,42,Others,Science,75.5,Sci&Tech,Yes,70,Mkt&Fin,68.2,Placed,210000
558,F,72,Others,55,Others,Science,69,Comm&Mgmt,No,55.5,Mkt&HR,58.4,Placed,250000
559,M,80.4,Central,45,Central,Science,77.72,Sci&Tech,Yes,81.2,Mkt&HR,76.26,Placed,400000
560,M,76.7,Central,58,Others,Commerce,66,Comm&Mgmt,Yes,90,Mkt&Fin,68.55,Placed,250000
561,M,62,Central,55,Others,Commerce,60,Comm&Mgmt,No,84,Mkt&Fin,64.15,Not Placed,
562,F,74.9,Others,56,Others,Science,62,Others,Yes,80,Mkt&Fin,60.78,Placed,360000
563,M,67,Others,47,Others,Commerce,64,Comm&Mgmt,Yes,74.4,Mkt&HR,53.49,Placed,300000
564,M,73,Central,56,Others,Commerce,77,Comm&Mgmt,Yes,65,Mkt&HR,60.98,Placed,250000
565,F,77.44,Central,60,Others,Commerce,72,Comm&Mgmt,Yes,94,Mkt&Fin,67.13,Placed,250000
566,F,72,Central,57,Others,Science,69,Comm&Mgmt,No,55.6,Mkt&HR,65.63,Placed,200000
567,F,47,Central,54,Central,Arts,64,Comm&Mgmt,No,78,Mkt&Fin,61.58,Not Placed,
568,M,67,Others,41,Central,Commerce,72,Comm&Mgmt,No,56,Mkt&HR,60.41,Placed,225000
569,F,82,Others,55,Others,Science,73,Sci&Tech,Yes,96,Mkt&Fin,71.77,Placed,250000
570,M,77,Central,55,Central,Commerce,59,Comm&Mgmt,Yes,58,Mkt&Fin,54.43,Placed,220000
571,M,65,Central,44,Others,Commerce,69.5,Comm&Mgmt,Yes,56,Mkt&Fin,56.94,Placed,265000
572,M,66,Central,49,Central,Science,60,Comm&Mgmt,No,60,Mkt&HR,61.9,Not Placed,
573,M,85,Central,49,Others,Science,73.43,Sci&Tech,Yes,60,Mkt&Fin,61.29,Placed,260000
574,M,77.67,Others,59,Others,Commerce,70.67,Comm&Mgmt,No,89,Mkt&Fin,60.39,Placed,300000
575,M,52,Others,43,Others,Arts,61,Comm&Mgmt,No,60,Mkt&Fin,58.52,Not Placed,
576,M,89.4,Others,42,Others,Science,71.25,Sci&Tech,No,72,Mkt&HR,63.23,Placed,400000
577,M,62,Central,51,Others,Science,66,Comm&Mgmt,No,85,Mkt&HR,55.14,Placed,233000
578,M,70,Central,46,Central,Commerce,65,Comm&Mgmt,No,83,Mkt&Fin,62.28,Placed,300000
579,F,77,Central,44,Central,Arts,56,Others,No,57,Mkt&Fin,64.08,Placed,240000
580,M,44,Central,43,Central,Arts,55,Comm&Mgmt,Yes,64.25,Mkt&HR,58.54,Not Placed,
581,M,71,Central,52,Central,Science,58,Sci&Tech,Yes,56,Mkt&Fin,61.3,Placed,690000
582,M,65,Central,58,Central,Commerce,75,Comm&Mgmt,No,83,Mkt&Fin,58.87,Placed,270000
583,F,75.4,Others,42,Central,Science,84,Sci&Tech,No,98,Mkt&Fin,65.25,Placed,240000
584,M,49,Others,41,Others,Science,65,Sci&Tech,Yes,86,Mkt&Fin,62.48,Placed,340000
585,M,53,Central,47,Others,Science,60,Comm&Mgmt,Yes,70,Mkt&Fin,53.2,Placed,250000
586,M,51.57,Others,58,Others,Commerce,59.9,Comm&Mgmt,Yes,56.15,Mkt&HR,65.99,Not Placed,
587,M,84.2,Central,49,Central,Science,65,Sci&Tech,Yes,80,Mkt&HR,52.72,Placed,255000
588,M,66.5,Central,56,Central,Commerce,60.9,Comm&Mgmt,No,93.4,Mkt&Fin,55.03,Placed,300000
589,M,67,Others,49,Others,Science,64,Sci&Tech,No,60,Mkt&Fin,61.87,Not Placed,
590,M,52,Central,49,Others,Commerce,58,Comm&Mgmt,No,62,Mkt&HR,60.59,Not Placed,
591,M,87,Central,47,Central,Science,65,Sci&Tech,Yes,75,Mkt&HR,72.29,Placed,300000
592,M,55.6,Others,51,Others,Commerce,57.5,Comm&Mgmt,No,57.63,Mkt&HR,62.72,Not Placed,
593,M,74.2,Central,55,Others,Commerce,77.25,Comm&Mgmt,Yes,75.2,Mkt&Fin,66.06,Placed,285000
594,M,63,Others,51,Others,Science,64,Sci&Tech,No,75,Mkt&Fin,66.46,Placed,500000
595,F,67.16,Central,57,Central,Commerce,63.35,Comm&Mgmt,No,53.04,Mkt&Fin,65.52,Placed,250000
596,F,63.3,Central,60,Others,Commerce,74,Comm&Mgmt,No,80,Mkt&Fin,74.56,Not Placed,
597,M,62,Others,48,Others,Commerce,60,Comm&Mgmt,Yes,63,Mkt&HR,52.38,Placed,240000
598,M,67.9,Others,47,Others,Science,67,Sci&Tech,Yes,58.1,Mkt&Fin,75.71,Not Placed,
599,F,48,Central,60,Central,Commerce,58,Comm&Mgmt,Yes,60,Mkt&HR,58.79,Not Placed,
600,M,59.96,Others,57,Others,Science,61.26,Sci&Tech,No,54.48,Mkt&HR,65.48,Not Placed,
601,F,63.4,Others,59,Others,Commerce,60,Comm&Mgmt,No,58.06,Mkt&HR,69.28,Not Placed,
602,M,80,Others,52,Others,Commerce,72,Comm&Mgmt,Yes,63.79,Mkt&Fin,66.04,Placed,290000
603,M,73,Others,46,Others,Commerce,56,Comm&Mgmt,No,84,Mkt&HR,52.64,Placed,300000
604,F,52,Others,41,Others,Science,55,Sci&Tech,No,67,Mkt&HR,59.32,Not Placed,
605,M,73.24,Others,40,Others,Science,64.27,Sci&Tech,Yes,64,Mkt&Fin,66.23,Placed,500000
606,M,63,Others,57,Others,Science,65,Sci&Tech,No,87.5,Mkt&HR,60.69,Not Placed,
607,F,59,Central,60,Others,Commerce,56,Comm&Mgmt,No,55,Mkt&HR,57.9,Placed,220000
608,F,73,Central,53,Others,Commerce,79,Comm&Mgmt,Yes,89,Mkt&Fin,70.81,Placed,650000
609,M,68,Others,42,Others,Science,68,Sci&Tech,No,73,Mkt&HR,68.07,Placed,350000
610,F,77.8,Central,60,Central,Science,64.2,Sci&Tech,No,75.5,Mkt&HR,72.14,Not Placed,
611,M,65,Central,51,Others,Commerce,62.8,Comm&Mgmt,Yes,57,Mkt&Fin,56.6,Placed,265000
612,M,62,Central,54,Others,Science,64.21,Sci&Tech,No,63,Mkt&HR,60.02,Not Placed,
613,M,52,Others,42,Others,Arts,57,Others,Yes,75,Mkt&Fin,59.81,Not Placed,
614,M,65,Central,60,Central,Commerce,69,Comm&Mgmt,No,60,Mkt&HR,61.82,Placed,276000
615,F,56.28,Others,60,Others,Commerce,59.79,Comm&Mgmt,No,60,Mkt&HR,57.29,Not Placed,
616,F,88,Central,48,Central,Science,78,Others,No,82,Mkt&HR,71.43,Placed,252000
617,F,52,Central,52,Central,Commerce,61,Comm&Mgmt,No,55,Mkt&Fin,62.93,Not Placed,
618,M,78.5,Central,52,Central,Science,67,Sci&Tech,Yes,95,Mkt&Fin,64.86,Placed,280000
619,M,61.8,Others,50,Others,Commerce,54.38,Comm&Mgmt,No,57,Mkt&Fin,56.13,Not Placed,
620,F,54,Central,54,Others,Commerce,69.2,Comm&Mgmt,No,95.65,Mkt&Fin,66.94,Not Placed,
621,F,64,Others,59,Central,Commerce,61,Comm&Mgmt,No,50,Mkt&Fin,62.5,Not Placed,
622,M,67,Others,53,Central,Science,72,Comm&Mgmt,No,72,Mkt&Fin,61.01,Placed,264000
623,M,65.2,Central,53,Central,Commerce,64.8,Comm&Mgmt,Yes,93.4,Mkt&Fin,57.34,Placed,270000
624,F,60,Central,43,Central,Arts,56,Others,Yes,80,Mkt&HR,56.63,Placed,300000
625,M,52,Others,46,Others,Commerce,56.3,Comm&Mgmt,No,59,Mkt&Fin,64.74,Not Placed,
626,M,66,Central,45,Central,Commerce,72,Comm&Mgmt,Yes,84,Mkt&HR,58.95,Placed,275000
627,M,72,Others,40,Others,Science,77.5,Sci&Tech,Yes,78,Mkt&Fin,54.48,Placed,250000
628,F,83.96,Others,57,Others,Science,91,Sci&Tech,No,59.32,Mkt&HR,69.71,Placed,260000
629,F,67,Central,55,Central,Commerce,65,Others,No,88,Mkt&HR,71.96,Not Placed,
630,M,69,Others,54,Others,Commerce,57,Comm&Mgmt,No,73,Mkt&HR,55.8,Placed,265000
631,M,69,Others,54,Others,Commerce,65,Comm&Mgmt,No,87.55,Mkt&Fin,52.81,Placed,300000
632,M,54.2,Central,54,Others,Science,58,Comm&Mgmt,No,79,Mkt&HR,58.44,Not Placed,
633,M,70,Central,55,Central,Science,66,Sci&Tech,No,61.28,Mkt&HR,60.11,Placed,240000
634,M,55.68,Others,42,Others,Commerce,56.87,Comm&Mgmt,No,66,Mkt&HR,58.3,Placed,260000
635,F,74,Others,53,Others,Commerce,73,Comm&Mgmt,Yes,80,Mkt&Fin,67.69,Placed,210000
636,M,61,Others,47,Others,Commerce,65,Comm&Mgmt,No,62,Mkt&Fin,56.81,Placed,250000
637,M,41,Central,51,Central,Science,60,Comm&Mgmt,No,97,Mkt&Fin,53.39,Not Placed,
638,M,62,Central,40,Others,Commerce,61,Comm&Mgmt,Yes,88.56,Mkt&Fin,71.55,Placed,300000
639,F,44,Central,57,Others,Science,65,Comm&Mgmt,No,92.66,Mkt&HR,62.92,Not Placed,
640,M,53,Central,50,Central,Commerce,65,Comm&Mgmt,No,67,Mkt&Fin,56.49,Placed,216000
641,M,49,Others,45,Others,Commerce,77.6,Comm&Mgmt,No,91,Mkt&Fin,74.49,Placed,400000
642,M,55,Others,50,Others,Science,72,Sci&Tech,No,74,Mkt&Fin,53.62,Placed,275000
643,M,42,Others,57,Others,Commerce,73,Comm&Mgmt,Yes,59,Mkt&Fin,69.72,Placed,295000
644,F,52,Others,51,Others,Commerce,58,Comm&Mgmt,No,70,Mkt&HR,60.23,Placed,204000
645,M,48,Central,46,Others,Science,53,Comm&Mgmt,No,89,Mkt&HR,60.22,Not Placed,
646,M,49,Others,57,Others,Commerce,58,Sci&Tech,No,55,Mkt&HR,58.8,Placed,270000
647,M,49,Central,55,Others,Science,77.48,Sci&Tech,Yes,86.5,Mkt&Fin,66.28,Placed,200000
648,M,54,Central,54,Central,Arts,64,Comm&Mgmt,No,75,Mkt&Fin,57.8,Placed,250000
649,M,42,Central,44,Central,Science,52,Sci&Tech,No,66,Mkt&HR,59.43,Not Placed,
650,M,59,Central,54,Central,Commerce,73.3,Comm&Mgmt,No,96.8,Mkt&Fin,55.5,Placed,425000
651,M,62,Others,52,Others,Science,65,Sci&Tech,Yes,55,Mkt&Fin,51.58,Not Placed,
652,F,56,Others,44,Others,Commerce,68,Comm&Mgmt,No,74.28,Mkt&Fin,53.29,Not Placed,
653,M,61,Central,45,Central,Science,72,Sci&Tech,Yes,67,Mkt&Fin,62.14,Placed,252000
654,M,61,Central,49,Central,Commerce,67,Comm&Mgmt,No,91.34,Mkt&Fin,61.29,Placed,231000
655,M,54,Central,45,Central,Commerce,74,Comm&Mgmt,No,54,Mkt&Fin,52.21,Not Placed,
656,M,63,Central,49,Central,Commerce,80,Comm&Mgmt,Yes,62,Mkt&HR,60.85,Placed,260000
657,M,45,Central,49,Central,Commerce,65,Comm&Mgmt,Yes,60,Mkt&Fin,63.7,Placed,250000
658,F,61,Central,41,Others,Science,80,Comm&Mgmt,No,62,Mkt&HR,65.04,Not Placed,
659,F,54,Central,53,Central,Commerce,77,Comm&Mgmt,No,68,Mkt&Fin,68.63,Placed,218000
660,M,64,Central,56,Central,Commerce,76,Comm&Mgmt,No,76,Mkt&HR,54.96,Not Placed,
661,F,51,Central,55,Central,Commerce,67,Comm&Mgmt,Yes,72,Mkt&Fin,64.66,Placed,200000
662,M,48,Central,49,Central,Commerce,79,Comm&Mgmt,Yes,60,Mkt&Fin,62.54,Placed,300000
663,F,58,Central,60,Central,Commerce,68,Comm&Mgmt,No,60,Mkt&Fin,67.28,Not Placed,
664,F,62,Central,57,Central,Commerce,65,Comm&Mgmt,No,68,Mkt&HR,64.08,Not Placed,
665,M,54,Others,52,Others,Arts,77,Comm&Mgmt,Yes,50.48,Mkt&Fin,77.89,Placed,236000
666,M,45,Others,56,Others,Commerce,74,Comm&Mgmt,No,50,Mkt&HR,56.7,Placed,265000
667,F,61,Others,52,Others,Commerce,67,Comm&Mgmt,No,95,Mkt&Fin,69.06,Placed,393000
668,F,68,Others,55,Others,Science,67,Sci&Tech,No,55.53,Mkt&HR,68.81,Placed,360000
669,F,60,Others,40,Others,Science,79,Sci&Tech,Yes,92,Mkt&Fin,63.62,Placed,300000
670,M,67,Others,51,Others,Science,73,Sci&Tech,No,97.4,Mkt&Fin,74.01,Placed,360000
671,F,63,Others,42,Central,Commerce,69,Comm&Mgmt,Yes,76,Mkt&Fin,65.33,Not Placed,
672,M,49,Others,50,Others,Commerce,78,Comm&Mgmt,Yes,94,Mkt&Fin,57.55,Placed,240000
673,M,63,Others,44,Others,Commerce,66,Comm&Mgmt,No,68,Mkt&HR,57.69,Placed,265000
674,M,69,Others,47,Others,Commerce,69,Comm&Mgmt,Yes,73.35,Mkt&Fin,64.15,Placed,350000
675,M,48,Central,49,Central,Commerce,71,Comm&Mgmt,No,77,Mkt&Fin,51.29,Not Placed,
676,F,55,Central,49,Central,Commerce,76,Comm&Mgmt,No,52,Mkt&HR,56.7,Placed,250000
677,F,46,Central,49,Central,Science,78,Sci&Tech,No,64,Mkt&HR,58.32,Not Placed,
678,F,69,Central,60,Central,Commerce,78,Comm&Mgmt,No,50.89,Mkt&HR,62.21,Placed,278000
679,F,52,Others,56,Others,Science,76,Comm&Mgmt,Yes,88,Mkt&Fin,72.78,Placed,260000
680,M,59,Others,54,Others,Science,73,Others,No,68.44,Mkt&HR,62.77,Not Placed,
681,F,51,Central,53,Central,Commerce,71,Comm&Mgmt,No,71,Mkt&HR,62.74,Placed,300000
682,M,61,Central,56,Central,Commerce,75,Comm&Mgmt,No,64,Mkt&Fin,51.45,Not Placed,
683,F,58,Central,51,Central,Science,70,Sci&Tech,No,58,Mkt&HR,55.47,Placed,320000
684,F,56,Others,42,Others,Science,68,Comm&Mgmt,No,53.7,Mkt&HR,56.86,Placed,240000
685,M,44,Others,47,Others,Science,78,Sci&Tech,No,93,Mkt&Fin,62.56,Placed,411000
686,F,47,Central,48,Others,Commerce,78,Comm&Mgmt,No,60,Mkt&Fin,66.72,Placed,287000
687,F,45,Others,59,Others,Commerce,66,Comm&Mgmt,Yes,65,Mkt&HR,69.76,Not Placed,
688,M,64,Others,53,Central,Science,80,Others,No,63,Mkt&Fin,51.21,Not Placed,
689,M,53,Others,55,Others,Commerce,77,Comm&Mgmt,No,95,Mkt&HR,62.9,Placed,300000
690,F,50,Others,58,Others,Commerce,65,Comm&Mgmt,Yes,89,Mkt&Fin,69.7,Placed,200000
691,F,46,Central,47,Central,Science,77,Sci&Tech,No,58,Mkt&HR,66.53,Not Placed,
692,F,51,Others,49,Others,Science,64,Comm&Mgmt,No,68,Mkt&HR,71.63,Not Placed,
693,M,49,Central,50,Central,Commerce,69,Comm&Mgmt,Yes,78,Mkt&Fin,54.55,Placed,204000
694,M,40,Others,53,Others,Commerce,75,Comm&Mgmt,No,64,Mkt&Fin,62.46,Placed,250000
695,F,58,Others,57,Others,Arts,66,Others,No,65,Mkt&HR,56.11,Not Placed,
696,F,44,Central,49,Central,Science,75,Comm&Mgmt,No,65,Mkt&HR,62.98,Placed,200000
697,M,61,Central,50,Central,Commerce,66,Comm&Mgmt,No,67,Mkt&HR,62.65,Not Placed,
698,F,53,Others,40,Others,Commerce,77,Comm&Mgmt,No,71.2,Mkt&HR,65.49,Not Placed,
699,M,64,Others,52,Others,Science,72,Sci&Tech,No,87,Mkt&HR,71.04,Placed,450000
700,F,41,Central,48,Others,Science,73,Comm&Mgmt,No,78,Mkt&HR,65.56,Placed,216000
701,M,66,Central,53,Others,Science,80,Comm&Mgmt,No,71,Mkt&HR,52.71,Placed,220000
702,M,53,Others,45,Others,Commerce,64,Comm&Mgmt,No,68,Mkt&Fin,66.88,Placed,240000
703,M,40,Central,47,Central,Commerce,68,Comm&Mgmt,No,80,Mkt&Fin,63.59,Placed,360000
704,M,45,Central,49,Others,Science,79,Comm&Mgmt,No,74,Mkt&Fin,57.99,Placed,268000
705,M,70,Central,58,Others,Science,77,Sci&Tech,No,57.6,Mkt&Fin,56.66,Placed,265000
706,M,66,Central,58,Central,Science,76,Comm&Mgmt,Yes,60,Mkt&Fin,57.24,Placed,260000
707,M,66,Central,47,Central,Commerce,79,Comm&Mgmt,No,61.6,Mkt&Fin,62.48,Placed,300000
708,F,44,Others,40,Others,Science,70,Sci&Tech,No,59,Mkt&Fin,59.69,Placed,240000
709,M,60,Others,55,Others,Commerce,75,Comm&Mgmt,No,68.5,Mkt&HR,59.5,Not Placed,
710,M,70,Others,56,Others,Commerce,64,Comm&Mgmt,No,61,Mkt&Fin,58.78,Placed,240000
711,M,62,Others,51,Others,Science,68,Comm&Mgmt,No,89.69,Mkt&HR,57.1,Not Placed,
712,M,62,Others,45,Others,Science,76,Comm&Mgmt,No,68.92,Mkt&HR,58.46,Placed,275000
713,M,62,Others,46,Others,Commerce,68,Comm&Mgmt,No,68.71,Mkt&Fin,60.99,Placed,275000
714,F,64,Central,43,Central,Commerce,71,Sci&Tech,No,79,Mkt&HR,59.24,Not Placed,
715,M,51,Central,47,Central,Science,73,Sci&Tech,Yes,70,Mkt&Fin,68.07,Placed,275000
716,M,65,Others,45,Others,Science,69,Sci&Tech,No,89,Mkt&Fin,65.45,Placed,360000
717,M,56,Others,57,Others,Commerce,73,Comm&Mgmt,No,95,Mkt&Fin,66.94,Placed,240000
718,M,62,Others,50,Others,Science,67,Comm&Mgmt,No,95.5,Mkt&Fin,68.53,Placed,240000
719,M,48,Central,41,Others,Commerce,65,Comm&Mgmt,No,86,Mkt&Fin,59.75,Placed,218000
720,M,49,Central,57,Central,Commerce,66,Comm&Mgmt,No,84.27,Mkt&Fin,67.2,Placed,336000
721,F,54,Central,57,Others,Commerce,78,Comm&Mgmt,No,74,Mkt&HR,67,Not Placed,
722,F,43,Others,58,Central,Arts,70,Comm&Mgmt,No,61,Mkt&Fin,64.27,Placed,230000
723,M,42,Others,58,Others,Science,64,Sci&Tech,Yes,69,Mkt&Fin,57.65,Placed,500000
724,M,48,Others,44,Others,Science,77,Sci&Tech,No,86.04,Mkt&Fin,59.42,Placed,270000
725,F,55,Central,56,Central,Science,64,Sci&Tech,No,75,Mkt&HR,67.99,Not Placed,
726,F,67,Others,60,Others,Commerce,72,Comm&Mgmt,Yes,67,Mkt&HR,62.35,Placed,240000
727,M,52,Others,49,Others,Science,74,Comm&Mgmt,Yes,86,Mkt&Fin,70.2,Placed,300000
728,M,50,Central,41,Central,Commerce,80,Comm&Mgmt,No,82,Mkt&Fin,60.44,Not Placed,
729,M,42,Others,57,Others,Science,77,Sci&Tech,Yes,84,Mkt&Fin,66.69,Placed,300000
730,M,67,Central,53,Others,Science,78,Sci&Tech,Yes,55,Mkt&Fin,62,Placed,300000
731,F,58,Others,49,Others,Commerce,69,Comm&Mgmt,Yes,78.74,Mkt&Fin,76.18,Placed,400000
732,M,51,Others,49,Others,Commerce,77,Comm&Mgmt,No,67,Mkt&Fin,57.03,Placed,220000
733,M,52,Central,49,Central,Science,72,Others,No,75,Mkt&HR,59.08,Not Placed,
734,F,41,Central,50,Central,Commerce,75,Comm&Mgmt,No,58,Mkt&HR,64.36,Placed,210000
735,F,68,Others,45,Others,Science,80,Sci&Tech,Yes,62,Mkt&HR,62.36,Placed,210000
736,F,53,Others,40,Others,Commerce,80,Comm&Mgmt,No,92,Mkt&Fin,68.03,Placed,300000
737,M,66,Central,54,Central,Commerce,65,Comm&Mgmt,No,67,Mkt&HR,62.79,Not Placed,
738,F,63,Central,53,Central,Science,67,Comm&Mgmt,No,72,Mkt&Fin,59.47,Placed,230000
739,M,40,Central,42,Central,Commerce,70,Comm&Mgmt,No,72,Mkt&HR,55.41,Not Placed,
740,M,52,Central,58,Central,Commerce,80,Comm&Mgmt,No,53.88,Mkt&Fin,54.97,Placed,260000
741,M,55,Central,50,Others,Commerce,70,Comm&Mgmt,Yes,95.46,Mkt&Fin,62.16,Placed,420000
742,F,44,Central,47,Central,Science,72,Comm&Mgmt,Yes,66,Mkt&Fin,64.44,Placed,300000
743,F,50,Central,51,Others,Commerce,64,Comm&Mgmt,No,93.91,Mkt&Fin,69.03,Not Placed,
744,F,45,Central,48,Central,Commerce,67,Comm&Mgmt,No,70,Mkt&Fin,57.31,Placed,220000
745,M,42,Central,59,Others,Commerce,70,Sci&Tech,No,50,Mkt&Fin,59.47,Not Placed,
746,F,56,Others,43,Others,Commerce,75,Comm&Mgmt,Yes,56.39,Mkt&HR,64.95,Not Placed,
747,M,70,Central,42,Central,Commerce,67,Comm&Mgmt,No,78,Mkt&HR,60.44,Placed,380000
748,F,51,Others,57,Others,Commerce,73,Comm&Mgmt,Yes,57.5,Mkt&Fin,61.31,Placed,300000
749,M,47,Central,46,Central,Science,76,Sci&Tech,Yes,85,Mkt&HR,65.83,Placed,240000
750,M,58,Central,52,Others,Science,70,Comm&Mgmt,Yes,55,Mkt&HR,58.23,Placed,360000
751,M,63,Central,53,Others,Science,71,Sci&Tech,No,85,Mkt&HR,55.3,Not Placed,
752,M,46,Others,47,Others,Science,64,Sci&Tech,No,71,Mkt&Fin,65.69,Not Placed,
753,M,70,Others,52,Others,Commerce,65,Comm&Mgmt,No,80,Mkt&HR,73.52,Placed,200000
754,M,47,Central,51,Central,Commerce,76,Comm&Mgmt,No,84,Mkt&Fin,58.31,Placed,300000
755,M,61,Central,40,Others,Science,70,Sci&Tech,Yes,86,Mkt&HR,56.09,Not Placed,
756,F,63,Central,55,Central,Science,78,Sci&Tech,No,57.2,Mkt&HR,54.8,Placed,250000
757,M,66,Others,46,Others,Science,73,Sci&Tech,No,60,Mkt&HR,60.64,Not Placed,
758,M,58,Others,49,Others,Commerce,71,Comm&Mgmt,No,58,Mkt&HR,53.94,Placed,250000
759,F,57,Others,55,Others,Commerce,70,Comm&Mgmt,No,72.15,Mkt&Fin,63.08,Placed,280000
760,M,49,Central,50,Others,Science,64,Comm&Mgmt,No,53.7,Mkt&HR,55.01,Placed,250000
761,F,46,Others,43,Others,Science,67,Comm&Mgmt,No,89,Mkt&Fin,60.5,Placed,216000
762,M,48,Central,58,Central,Commerce,72,Comm&Mgmt,Yes,96,Mkt&Fin,70.85,Placed,300000
763,M,55,Others,55,Others,Science,68,Sci&Tech,No,80,Mkt&Fin,67.05,Placed,240000
764,M,45,Central,45,Central,Science,68,Sci&Tech,Yes,97,Mkt&HR,70.48,Placed,276000
765,M,53,Central,57,Central,Commerce,77,Comm&Mgmt,Yes,82.66,Mkt&Fin,64.34,Placed,940000
766,M,58,Others,58,Others,Science,68,Comm&Mgmt,No,73,Mkt&HR,58.81,Not Placed,
767,F,43,Central,45,Others,Science,71,Sci&Tech,Yes,55.67,Mkt&HR,71.49,Placed,250000
768,F,56,Central,59,Central,Arts,69,Comm&Mgmt,Yes,80.4,Mkt&Fin,71,Placed,236000
769,M,69,Others,60,Others,Commerce,71,Comm&Mgmt,Yes,60,Mkt&HR,56.7,Placed,240000
770,M,41,Central,58,Central,Science,69,Others,Yes,64,Mkt&HR,61.26,Placed,250000
771,F,61,Central,45,Central,Commerce,74,Comm&Mgmt,No,75,Mkt&Fin,73.33,Placed,350000
772,F,45,Others,51,Others,Science,71,Sci&Tech,Yes,70,Mkt&Fin,68.2,Placed,210000
773,F,58,Others,57,Others,Science,77,Comm&Mgmt,No,55.5,Mkt&HR,58.4,Placed,250000
774,M,61,Central,40,Central,Science,70,Sci&Tech,Yes,81.2,Mkt&HR,76.26,Placed,400000
775,M,70,Central,52,Others,Commerce,70,Comm&Mgmt,Yes,90,Mkt&Fin,68.55,Placed,250000
776,M,58,Central,54,Others,Commerce,64,Comm&Mgmt,No,84,Mkt&Fin,64.15,Not Placed,
777,F,67,Others,41,Others,Science,68,Others,Yes,80,Mkt&Fin,60.78,Placed,360000
778,M,64,Others,43,Others,Commerce,76,Comm&Mgmt,Yes,74.4,Mkt&HR,53.49,Placed,300000
779,M,61,Central,46,Others,Commerce,65,Comm&Mgmt,Yes,65,Mkt&HR,60.98,Placed,250000
780,F,68,Central,43,Others,Commerce,77,Comm&Mgmt,Yes,94,Mkt&Fin,67.13,Placed,250000
781,F,63,Central,54,Others,Science,76,Comm&Mgmt,No,55.6,Mkt&HR,65.63,Placed,200000
782,F,59,Central,58,Central,Arts,78,Comm&Mgmt,No,78,Mkt&Fin,61.58,Not Placed,
783,M,62,Others,42,Central,Commerce,66,Comm&Mgmt,No,56,Mkt&HR,60.41,Placed,225000
784,F,66,Others,50,Others,Science,78,Sci&Tech,Yes,96,Mkt&Fin,71.77,Placed,250000
785,M,70,Central,52,Central,Commerce,76,Comm&Mgmt,Yes,58,Mkt&Fin,54.43,Placed,220000
786,M,57,Central,57,Others,Commerce,68,Comm&Mgmt,Yes,56,Mkt&Fin,56.94,Placed,265000
787,M,50,Central,41,Central,Science,76,Comm&Mgmt,No,60,Mkt&HR,61.9,Not Placed,
788,M,41,Central,40,Others,Science,75,Sci&Tech,Yes,60,Mkt&Fin,61.29,Placed,260000
789,M,62,Others,49,Others,Commerce,72,Comm&Mgmt,No,89,Mkt&Fin,60.39,Placed,300000
790,M,58,Others,42,Others,Arts,67,Comm&Mgmt,No,60,Mkt&Fin,58.52,Not Placed,
791,M,60,Others,40,Others,Science,67,Sci&Tech,No,72,Mkt&HR,63.23,Placed,400000
792,M,40,Central,57,Others,Science,75,Comm&Mgmt,No,85,Mkt&HR,55.14,Placed,233000
793,M,47,Central,44,Central,Commerce,67,Comm&Mgmt,No,83,Mkt&Fin,62.28,Placed,300000
794,F,55,Central,57,Central,Arts,66,Others,No,57,Mkt&Fin,64.08,Placed,240000
795,M,45,Central,49,Central,Arts,73,Comm&Mgmt,Yes,64.25,Mkt&HR,58.54,Not Placed,
796,M,44,Central,43,Central,Science,78,Sci&Tech,Yes,56,Mkt&Fin,61.3,Placed,690000
797,M,44,Central,59,Central,Commerce,75,Comm&Mgmt,No,83,Mkt&Fin,58.87,Placed,270000
798,F,48,Others,55,Central,Science,75,Sci&Tech,No,98,Mkt&Fin,65.25,Placed,240000
799,M,68,Others,40,Others,Science,64,Sci&Tech,Yes,86,Mkt&Fin,62.48,Placed,340000
800,M,50,Central,42,Others,Science,74,Comm&Mgmt,Yes,70,Mkt&Fin,53.2,Placed,250000
801,M,63,Others,40,Others,Commerce,78,Comm&Mgmt,Yes,56.15,Mkt&HR,65.99,Not Placed,
802,M,51,Central,47,Central,Science,71,Sci&Tech,Yes,80,Mkt&HR,52.72,Placed,255000
803,M,67,Central,53,Central,Commerce,69,Comm&Mgmt,No,93.4,Mkt&Fin,55.03,Placed,300000
804,M,44,Others,47,Others,Science,74,Sci&Tech,No,60,Mkt&Fin,61.87,Not Placed,
805,M,69,Central,44,Others,Commerce,79,Comm&Mgmt,No,62,Mkt&HR,60.59,Not Placed,
806,M,58,Central,51,Central,Science,71,Sci&Tech,Yes,75,Mkt&HR,72.29,Placed,300000
807,M,55.6,Others,59,Others,Commerce,73,Comm&Mgmt,No,57.63,Mkt&HR,62.72,Not Placed,
808,M,74.2,Central,60,Others,Commerce,65,Comm&Mgmt,Yes,75.2,Mkt&Fin,66.06,Placed,285000
809,M,63,Others,57,Others,Science,78,Sci&Tech,No,75,Mkt&Fin,66.46,Placed,500000
810,F,67.16,Central,57,Central,Commerce,73,Comm&Mgmt,No,53.04,Mkt&Fin,65.52,Placed,250000
811,F,63.3,Central,56,Others,Commerce,73,Comm&Mgmt,No,80,Mkt&Fin,74.56,Not Placed,
812,M,62,Others,47,Others,Commerce,79,Comm&Mgmt,Yes,63,Mkt&HR,52.38,Placed,240000
813,M,67.9,Others,42,Others,Science,74,Sci&Tech,Yes,58.1,Mkt&Fin,75.71,Not Placed,
814,F,48,Central,50,Central,Commerce,78,Comm&Mgmt,Yes,60,Mkt&HR,58.79,Not Placed,
815,M,59.96,Others,54,Others,Science,71,Sci&Tech,No,54.48,Mkt&HR,65.48,Not Placed,
816,F,63.4,Others,54,Others,Commerce,72,Comm&Mgmt,No,58.06,Mkt&HR,69.28,Not Placed,
817,M,80,Others,49,Others,Commerce,69,Comm&Mgmt,Yes,63.79,Mkt&Fin,66.04,Placed,290000
818,M,73,Others,51,Others,Commerce,76,Comm&Mgmt,No,84,Mkt&HR,52.64,Placed,300000
819,F,52,Others,49,Others,Science,66,Sci&Tech,No,67,Mkt&HR,59.32,Not Placed,
820,M,73.24,Others,45,Others,Science,76,Sci&Tech,Yes,64,Mkt&Fin,66.23,Placed,500000
821,M,63,Others,49,Others,Science,75,Sci&Tech,No,87.5,Mkt&HR,60.69,Not Placed,
822,F,59,Central,49,Others,Commerce,78,Comm&Mgmt,No,55,Mkt&HR,57.9,Placed,220000
823,F,73,Central,48,Others,Commerce,74,Comm&Mgmt,Yes,89,Mkt&Fin,70.81,Placed,650000
824,M,68,Others,53,Others,Science,75,Sci&Tech,No,73,Mkt&HR,68.07,Placed,350000
825,F,77.8,Central,49,Central,Science,66,Sci&Tech,No,75.5,Mkt&HR,72.14,Not Placed,
826,M,65,Central,49,Others,Commerce,64,Comm&Mgmt,Yes,57,Mkt&Fin,56.6,Placed,265000
827,M,62,Central,40,Others,Science,70,Sci&Tech,No,63,Mkt&HR,60.02,Not Placed,
828,M,52,Others,53,Others,Arts,77,Others,Yes,75,Mkt&Fin,59.81,Not Placed,
829,M,65,Central,49,Central,Commerce,69,Comm&Mgmt,No,60,Mkt&HR,61.82,Placed,276000
830,F,56.28,Others,44,Others,Commerce,68,Comm&Mgmt,No,60,Mkt&HR,57.29,Not Placed,
831,F,88,Central,42,Central,Science,66,Others,No,82,Mkt&HR,71.43,Placed,252000
832,F,52,Central,54,Central,Commerce,71,Comm&Mgmt,No,55,Mkt&Fin,62.93,Not Placed,
833,M,78.5,Central,44,Central,Science,73,Sci&Tech,Yes,95,Mkt&Fin,64.86,Placed,280000
834,M,61.8,Others,46,Others,Commerce,66,Comm&Mgmt,No,57,Mkt&Fin,56.13,Not Placed,
835,F,54,Central,46,Others,Commerce,71,Comm&Mgmt,No,95.65,Mkt&Fin,66.94,Not Placed,
836,F,64,Others,58,Central,Commerce,66,Comm&Mgmt,No,50,Mkt&Fin,62.5,Not Placed,
837,M,67,Others,40,Central,Science,72,Comm&Mgmt,No,72,Mkt&Fin,61.01,Placed,264000
838,M,65.2,Central,58,Central,Commerce,80,Comm&Mgmt,Yes,93.4,Mkt&Fin,57.34,Placed,270000
839,F,60,Central,46,Central,Arts,70,Others,Yes,80,Mkt&HR,56.63,Placed,300000
840,M,52,Others,47,Others,Commerce,66,Comm&Mgmt,No,59,Mkt&Fin,64.74,Not Placed,
841,M,66,Central,58,Central,Commerce,64,Comm&Mgmt,Yes,84,Mkt&HR,58.95,Placed,275000
842,M,72,Others,45,Others,Science,77,Sci&Tech,Yes,78,Mkt&Fin,54.48,Placed,250000
843,F,83.96,Others,51,Others,Science,69,Sci&Tech,No,59.32,Mkt&HR,69.71,Placed,260000
844,F,67,Central,49,Central,Commerce,71,Others,No,88,Mkt&HR,71.96,Not Placed,
845,M,69,Others,49,Others,Commerce,68,Comm&Mgmt,No,73,Mkt&HR,55.8,Placed,265000
846,M,69,Others,56,Others,Commerce,73,Comm&Mgmt,No,87.55,Mkt&Fin,52.81,Placed,300000
847,M,54.2,Central,56,Others,Science,78,Comm&Mgmt,No,79,Mkt&HR,58.44,Not Placed,
848,M,70,Central,50,Central,Science,69,Sci&Tech,No,61.28,Mkt&HR,60.11,Placed,240000
849,M,55.68,Others,53,Others,Commerce,75,Comm&Mgmt,No,66,Mkt&HR,58.3,Placed,260000
850,F,74,Others,42,Others,Commerce,76,Comm&Mgmt,Yes,80,Mkt&Fin,67.69,Placed,210000
851,M,61,Others,51,Others,Commerce,70,Comm&Mgmt,No,62,Mkt&Fin,56.81,Placed,250000
852,M,41,Central,52,Central,Science,76,Comm&Mgmt,No,97,Mkt&Fin,53.39,Not Placed,
853,M,83.33,Central,45,Others,Commerce,71,Comm&Mgmt,Yes,88.56,Mkt&Fin,71.55,Placed,300000
854,F,43,Central,44,Others,Science,69,Comm&Mgmt,No,92.66,Mkt&HR,62.92,Not Placed,
855,M,62,Central,51,Central,Commerce,70,Comm&Mgmt,No,67,Mkt&Fin,56.49,Placed,216000
856,M,80.6,Others,53,Others,Commerce,64,Comm&Mgmt,No,91,Mkt&Fin,74.49,Placed,400000
857,M,58,Others,51,Others,Science,69,Sci&Tech,No,74,Mkt&Fin,53.62,Placed,275000
858,M,67,Others,44,Others,Commerce,64,Comm&Mgmt,Yes,59,Mkt&Fin,69.72,Placed,295000
859,F,74,Others,50,Others,Commerce,80,Comm&Mgmt,No,70,Mkt&HR,60.23,Placed,204000
860,M,62,Central,40,Others,Science,67,Comm&Mgmt,No,89,Mkt&HR,60.22,Not Placed,